essay_id,audit_category,trait,human_score,machine_score,residual,absolute_error,Vocabulary_1,Vocabulary_2,Grammar_1,Grammar_2,prompt_id,length_band,word_count,sentence_count,mean_sentence_length,mtld,mattr,mean_word_frequency,mean_word_length,lexical_density,noun_diversity,detected_grammar_errors_per_100_words,detected_error_free_sentence_ratio,complex_sentence_ratio,estimated_clauses_per_sentence,subordinate_clause_ratio,feature_extraction_status,language_tool_false_positive,language_tool_false_negative,missing_rubric_signal,formatting_or_prompt_issue,reviewer_notes
48EA282A4EAF,low_score_overprediction,Vocabulary,1,3.1001994178,2.1001994178,2.1001994178,1,1,1,1,Distance learning,Q1,255,13,19.6153846154,35.8978521479,0.531553398058,5.24439215686,4.94117647059,0.635294117647,0.16393442623,0.392156862745,0.923076923077,0.769230769231,2,0.5,reextraction_exact_within_1e-8,pending_manual_review,pending_manual_review,LanguageTool non-grammar detections excluded: 45,pending_manual_review,
59ADAA4D04E5,low_score_overprediction,Vocabulary,1.5,2.94755593236,1.44755593236,1.44755593236,2,1,1,2,Self-reliance,Q1,110,3,36.6666666667,57.9786951616,0.818360655738,4.90145454545,4.16363636364,0.554545454545,0.833333333333,0,1,1,6.66666666667,0.85,reextraction_exact_within_1e-8,pending_manual_review,pending_manual_review,LanguageTool non-grammar detections excluded: 29,pending_manual_review,
D669349412FB,low_score_overprediction,Vocabulary,2,3.34141880102,1.34141880102,1.34141880102,2,2,2,2,Success and failure,Q2,364,21,17.3333333333,46.9449347515,0.730603174603,5.59373626374,4.37912087912,0.582417582418,0.341666666667,0,1,0.666666666667,2.90476190476,0.540983606557,reextraction_exact_within_1e-8,pending_manual_review,pending_manual_review,LanguageTool non-grammar detections excluded: 49,pending_manual_review,
16DEF72E220A,low_score_overprediction,Vocabulary,2,3.29616787711,1.29616787711,1.29616787711,2,2,3,2,Distance learning,Q4,575,25,23,64.3423938135,0.754942965779,6.08582608696,4.32695652174,0.457391304348,0.376146788991,1.91304347826,0.72,0.88,3.6,0.588888888889,reextraction_exact_within_1e-8,pending_manual_review,pending_manual_review,LanguageTool non-grammar detections excluded: 16,pending_manual_review,
BC8115EEB029,low_score_overprediction,Vocabulary,2,3.28334505009,1.28334505009,1.28334505009,2,2,3,2,Individuality,Q4,541,50,10.82,55.4685760933,0.759756097561,6.11541589649,3.97597042514,0.384473197782,0.612903225806,0.554528650647,0.94,0.52,2.14,0.467289719626,reextraction_exact_within_1e-8,pending_manual_review,pending_manual_review,LanguageTool non-grammar detections excluded: 42,pending_manual_review,
D344D0003B84,low_score_overprediction,Grammar,2,3.44316896381,1.44316896381,1.44316896381,3,4,2,2,Talents and skills,Q4,958,48,19.9583333333,44.6411340918,0.727194719472,6.23630480167,3.91022964509,0.421711899791,0.314465408805,0.417536534447,0.916666666667,0.8125,2.89583333333,0.561151079137,reextraction_exact_within_1e-8,pending_manual_review,pending_manual_review,LanguageTool non-grammar detections excluded: 12,pending_manual_review,
DE841BF24A2F,low_score_overprediction,Grammar,2,3.36682944581,1.36682944581,1.36682944581,4,3,2,2,Seeking multiple opinions,Q2,377,14,26.9285714286,53.080564683,0.750853658537,6.14941644562,4.3050397878,0.496021220159,0.492753623188,0.26525198939,0.928571428571,1,5.14285714286,0.680555555556,reextraction_exact_within_1e-8,pending_manual_review,pending_manual_review,LanguageTool non-grammar detections excluded: 8,pending_manual_review,
97A0FFE91A3E,low_score_overprediction,Grammar,2,3.33619225835,1.33619225835,1.33619225835,3,3,2,2,Extended school day,Q3,471,14,33.6428571429,45.7465517241,0.707298578199,6.2047133758,3.88322717622,0.414012738854,0.333333333333,0,1,1,6.07142857143,0.670588235294,reextraction_exact_within_1e-8,pending_manual_review,pending_manual_review,LanguageTool non-grammar detections excluded: 23,pending_manual_review,
806672A60686,low_score_overprediction,Grammar,2,3.26139657758,1.26139657758,1.26139657758,2,3,2,2,Success and failure,Q1,268,19,14.1052631579,62.2802128992,0.784748858447,6.00171641791,3.98880597015,0.5,0.614035087719,0.746268656716,0.947368421053,0.578947368421,2.52631578947,0.458333333333,reextraction_exact_within_1e-8,pending_manual_review,pending_manual_review,LanguageTool non-grammar detections excluded: 21,pending_manual_review,
8E764A2C7266,low_score_overprediction,Grammar,2,3.24587912712,1.24587912712,1.24587912712,3,3,2,2,Letter to employer,Q1,233,15,15.5333333333,28.9989177489,0.618369565217,5.95175965665,4.2017167382,0.532188841202,0.339285714286,0.429184549356,0.933333333333,0.6,2.66666666667,0.5,reextraction_exact_within_1e-8,pending_manual_review,pending_manual_review,LanguageTool non-grammar detections excluded: 11,pending_manual_review,
D1D770AF6855,high_score_underprediction,Vocabulary,5,3.5343874469,-1.4656125531,1.4656125531,5,5,3,4,Cell phones in classrooms,Q2,385,11,35,69.8930311829,0.768452380952,5.94545454545,4.54285714286,0.511688311688,0.442105263158,0,1,1,5.27272727273,0.637931034483,reextraction_exact_within_1e-8,pending_manual_review,pending_manual_review,LanguageTool non-grammar detections excluded: 23,pending_manual_review,
53CF6D801CAF,high_score_underprediction,Vocabulary,5,3.55971125075,-1.44028874925,1.44028874925,5,5,5,4,Positive attitudes,Q2,334,22,15.1818181818,60.5311806256,0.793122807018,5.99326347305,4.57185628743,0.476047904192,0.545454545455,0.59880239521,0.909090909091,0.863636363636,3.22727272727,0.605633802817,reextraction_exact_within_1e-8,pending_manual_review,pending_manual_review,LanguageTool non-grammar detections excluded: 3,pending_manual_review,
E2C3F26AB94D,high_score_underprediction,Vocabulary,4.5,3.24718797613,-1.25281202387,1.25281202387,5,4,4,3,Future accomplishments,Q1,288,20,14.4,45.1403294349,0.704016736402,6.03621527778,3.86111111111,0.458333333333,0.6,0,1,0.8,3.25,0.569230769231,reextraction_exact_within_1e-8,pending_manual_review,pending_manual_review,LanguageTool non-grammar detections excluded: 8,pending_manual_review,
0AFC8CE27321,high_score_underprediction,Vocabulary,4.5,3.2694680035,-1.2305319965,1.2305319965,5,4,5,5,Career commitment,Q2,353,9,39.2222222222,51.7962381157,0.727105263158,6.1864305949,4.12464589235,0.467422096317,0.446153846154,0,1,0.888888888889,6.44444444444,0.724137931034,reextraction_exact_within_1e-8,pending_manual_review,pending_manual_review,LanguageTool non-grammar detections excluded: 3,pending_manual_review,
5D7D1445A7CF,high_score_underprediction,Vocabulary,5,3.78594758462,-1.21405241538,1.21405241538,5,5,4,5,Three-year high school program,Q4,716,40,17.9,66.6578496614,0.771244377811,6.09287709497,4.35335195531,0.446927374302,0.546875,0.279329608939,0.95,0.75,3.225,0.496124031008,reextraction_exact_within_1e-8,pending_manual_review,pending_manual_review,LanguageTool non-grammar detections excluded: 6,pending_manual_review,
52DC3B7C3952,high_score_underprediction,Grammar,5,3.53029747544,-1.46970252456,1.46970252456,5,4,5,5,Distance learning,Q3,509,21,24.2380952381,64.6041415208,0.770173913043,6.112043222,4.24557956778,0.49115913556,0.303571428571,0,1,0.857142857143,5,0.619047619048,reextraction_exact_within_1e-8,pending_manual_review,pending_manual_review,LanguageTool non-grammar detections excluded: 3,pending_manual_review,
51DA4BA94C7C,high_score_underprediction,Grammar,4,2.56698319644,-1.43301680356,1.43301680356,3,4,4,4,Trying something beyond what you have mastered,Q4,776,22,35.2727272727,48.5448151853,0.73386519945,6.18413659794,4.16237113402,0.444587628866,0.46,2.0618556701,0.545454545455,1,6.77272727273,0.758389261745,reextraction_exact_within_1e-8,pending_manual_review,pending_manual_review,LanguageTool non-grammar detections excluded: 24,pending_manual_review,
277A95AC0190,high_score_underprediction,Grammar,4,2.60996335329,-1.39003664671,1.39003664671,4,3,4,4,Positive attitudes,Q4,613,17,36.0588235294,40.742608989,0.682836879433,6.08551386623,4.15986949429,0.455138662316,0.318965517241,1.30505709625,0.588235294118,1,6.70588235294,0.745614035088,reextraction_exact_within_1e-8,pending_manual_review,pending_manual_review,LanguageTool non-grammar detections excluded: 36,pending_manual_review,
B50C9D328FAD,high_score_underprediction,Grammar,4.5,3.12312609501,-1.37687390499,1.37687390499,4,5,4,5,Places to visit,Q3,498,51,9.76470588235,51.4244648318,0.72579064588,6.02387550201,3.98995983936,0.471887550201,0.628571428571,0.200803212851,0.980392156863,0.490196078431,1.76470588235,0.377777777778,reextraction_exact_within_1e-8,pending_manual_review,pending_manual_review,LanguageTool non-grammar detections excluded: 13,pending_manual_review,
9F401E75755A,high_score_underprediction,Grammar,4,2.65905980037,-1.34094019963,1.34094019963,3,3,4,4,Three-year high school program,Q3,508,11,46.1818181818,44.2592862099,0.698431372549,6.30921259843,4.02559055118,0.466535433071,0.342342342342,0.984251968504,0.545454545455,1,7.63636363636,0.571428571429,reextraction_exact_within_1e-8,pending_manual_review,pending_manual_review,LanguageTool non-grammar detections excluded: 8,pending_manual_review,
F074C2FEC1AF,good_prediction,Vocabulary,3.5,3.49784052316,-0.00215947684,0.00215947684,4,3,4,3,Impact of technology,Q1,261,9,29,68.5123282727,0.789150943396,5.92141762452,4.3601532567,0.582375478927,0.583333333333,0,1,0.888888888889,5.22222222222,0.468085106383,reextraction_exact_within_1e-8,pending_manual_review,pending_manual_review,LanguageTool non-grammar detections excluded: 22,pending_manual_review,
1721F085F81E,good_prediction,Vocabulary,3.5,3.50298903268,0.00298903268,0.00298903268,4,3,3,2,First impressions,Q2,342,12,28.5,97.6498739386,0.808532423208,6.05412280702,4.24269005848,0.508771929825,0.587301587302,0,1,0.833333333333,5.91666666667,0.69014084507,reextraction_exact_within_1e-8,pending_manual_review,pending_manual_review,LanguageTool non-grammar detections excluded: 17,pending_manual_review,
168958FC7315,good_prediction,Vocabulary,3,2.99699223488,-0.00300776512,0.00300776512,3,3,4,4,Extended school day,Q1,208,14,14.8571428571,39.4516051307,0.61786163522,6.14144230769,3.92788461538,0.480769230769,0.538461538462,0,1,0.857142857143,2.35714285714,0.484848484848,reextraction_exact_within_1e-8,pending_manual_review,pending_manual_review,LanguageTool non-grammar detections excluded: 5,pending_manual_review,
60FD2E2FB768,good_prediction,Vocabulary,3.5,3.4963763978,-0.0036236022,0.0036236022,4,3,4,3,Extended school day,Q3,428,26,16.4615384615,56.0048916841,0.76073878628,6.12530373832,4.30841121495,0.492990654206,0.378378378378,0.467289719626,0.923076923077,0.769230769231,2.53846153846,0.515151515152,reextraction_exact_within_1e-8,pending_manual_review,pending_manual_review,LanguageTool non-grammar detections excluded: 9,pending_manual_review,
992DB55B9726,good_prediction,Vocabulary,3,3.00434270537,0.00434270537,0.00434270537,3,3,2,3,Learning from the experience of others,Q4,637,22,28.9545454545,50.4922863399,0.729863945578,6.14257456829,3.67032967033,0.431711145997,0.518518518519,3.2967032967,0.5,0.863636363636,5.59090909091,0.634146341463,reextraction_exact_within_1e-8,pending_manual_review,pending_manual_review,LanguageTool non-grammar detections excluded: 12,pending_manual_review,
F8FE459205F4,good_prediction,Grammar,3,2.99959264815,-0.00040735185,0.00040735185,3,3,3,3,Success and failure,Q4,970,25,38.8,46.5921325052,0.722953311618,6.16268041237,4.00309278351,0.409278350515,0.547008547009,0.515463917526,0.8,0.92,8,0.705,reextraction_exact_within_1e-8,pending_manual_review,pending_manual_review,LanguageTool non-grammar detections excluded: 51,pending_manual_review,
36A74F4F050A,good_prediction,Grammar,2.5,2.5018383099,0.0018383099,0.0018383099,3,3,3,2,Influences of character,Q2,360,19,18.9473684211,50.1943866639,0.744308681672,5.95672222222,3.97777777778,0.433333333333,0.44,2.22222222222,0.684210526316,0.842105263158,4,0.631578947368,reextraction_exact_within_1e-8,pending_manual_review,pending_manual_review,LanguageTool non-grammar detections excluded: 24,pending_manual_review,
E974548BFD00,good_prediction,Grammar,3.5,3.50203983788,0.00203983788,0.00203983788,3,4,3,4,Trying something beyond what you have mastered,Q4,737,35,21.0571428571,48.2652532391,0.722034883721,6.12442333786,4.24559023066,0.473541383989,0.40625,0.135685210312,0.971428571429,1,4.6,0.67701863354,reextraction_exact_within_1e-8,pending_manual_review,pending_manual_review,LanguageTool non-grammar detections excluded: 27,pending_manual_review,
5FE4F223CEA8,good_prediction,Grammar,3,2.996010577,-0.003989423,0.003989423,3,2,3,3,Lessons with elementary school students,Q1,175,7,25,48.8874836138,0.71,6.19777142857,3.92571428571,0.457142857143,0.564102564103,0.571428571429,0.857142857143,0.857142857143,4.85714285714,0.705882352941,reextraction_exact_within_1e-8,pending_manual_review,pending_manual_review,LanguageTool non-grammar detections excluded: 6,pending_manual_review,
3814F9116CD1,good_prediction,Grammar,2.5,2.50422012678,0.00422012678,0.00422012678,3,3,3,2,Internships and shadowing,Q4,1205,20,60.25,45.1249311846,0.703183391003,6.21174273859,3.79668049793,0.419917012448,0.340782122905,1.49377593361,0.55,0.85,13.25,0.747169811321,reextraction_exact_within_1e-8,pending_manual_review,pending_manual_review,LanguageTool non-grammar detections excluded: 103,pending_manual_review,
