target,variant,n_samples,mae,rmse,r2,mean_bias,within_0_5_points_rate,within_1_0_point_rate,calibration_slope,prediction_standard_deviation,human_standard_deviation,fold_mae_ci95_lower,fold_mae_ci95_upper
Vocabulary,ridge_baseline,3050,0.372441313687,0.471125705891,0.355131274336,-0.000276425477898,0.730819672131,0.966557377049,1.01300133014,0.345217420527,0.586776011775,0.362946358918,0.381935275681
Vocabulary,rf_baseline,3050,0.372617043247,0.474572180518,0.345661814268,0.00353457578471,0.71737704918,0.96262295082,1.09185075591,0.317102563756,0.586776011775,0.360145574468,0.385086693086
Vocabulary,ridge_v2_lexical,3050,0.369702694175,0.466753373214,0.367045278843,-0.000172468359622,0.732131147541,0.967868852459,1.00998795959,0.351995623672,0.586776011775,0.360266810407,0.37913884475
Vocabulary,ridge_v2_spelling,3050,0.367264630361,0.46453634623,0.373043928536,-0.000490599351103,0.731803278689,0.967868852459,1.00422275862,0.356883546603,0.586776011775,0.358344085978,0.376179306547
Vocabulary,ridge_v2_grammar_rules,3050,0.372381771269,0.471143680093,0.355082067844,-0.00033290774549,0.727213114754,0.964918032787,1.01193979651,0.345551254899,0.586776011775,0.362913115803,0.381849616764
Vocabulary,ridge_v2_syntax,3050,0.371057393445,0.4698826962,0.35852960574,-0.000309376718756,0.730163934426,0.965901639344,1.01267539179,0.346975489672,0.586776011775,0.361539278005,0.380573391011
Vocabulary,ridge_v2_all,3050,0.363946196303,0.460673930935,0.383426313539,-0.000452308933324,0.730163934426,0.966557377049,1.00276340252,0.362340449221,0.586776011775,0.354541508928,0.373346431421
Vocabulary,rf_v2_lexical,3050,0.370433820865,0.469623848225,0.359236154753,0.00386629973767,0.726229508197,0.961967213115,1.09612834054,0.322109651956,0.586776011775,0.357674964624,0.383191952331
Vocabulary,rf_v2_spelling,3050,0.364987192799,0.461562400102,0.381045736169,0.0038455663204,0.733770491803,0.967213114754,1.08279051993,0.33551670675,0.586776011775,0.349865223247,0.3801054858
Vocabulary,rf_v2_grammar_rules,3050,0.374134579147,0.475616587359,0.34277859738,0.0037002229363,0.723278688525,0.961639344262,1.07047657112,0.321640325853,0.586776011775,0.363278651289,0.384989230673
Vocabulary,rf_v2_syntax,3050,0.373191462487,0.47387523223,0.347582301945,0.00425134970637,0.720327868852,0.961639344262,1.08499821773,0.319846580744,0.586776011775,0.362352585288,0.384027644191
Vocabulary,rf_v2_all,3050,0.36291577828,0.459587525965,0.386331009558,0.00284432119026,0.737704918033,0.967213114754,1.14259981992,0.321721473328,0.586776011775,0.349114031626,0.37671517313
Vocabulary,ridge_v2_all_weighted,3050,0.369545411401,0.465559839847,0.370278192584,0.00963667375734,0.725245901639,0.968196721311,0.849961898112,0.426942321803,0.586776011775,0.358080625712,0.38100813175
Vocabulary,rf_v2_all_weighted,3050,0.363533882229,0.458155749241,0.390148642961,0.00990442272914,0.740327868852,0.968524590164,0.984544287918,0.372446789154,0.586776011775,0.351104447789,0.375963816753
Grammar,ridge_baseline,3050,0.463644100017,0.577230442747,0.331327668712,0.000112460187212,0.60131147541,0.918032786885,0.986267561459,0.412088011333,0.706014723965,0.434607840937,0.492683001854
Grammar,rf_baseline,3050,0.457694091906,0.572443032338,0.342373287982,0.00333878337102,0.611803278689,0.923278688525,1.04773363812,0.394710045151,0.706014723965,0.426710000762,0.488677583429
Grammar,ridge_v2_lexical,3050,0.461689749376,0.574568073705,0.337481699542,0.000525815993866,0.606557377049,0.919344262295,0.98385999126,0.416931179852,0.706014723965,0.431548674538,0.491832143196
Grammar,ridge_v2_spelling,3050,0.457746857137,0.570195334408,0.347527492488,-0.000221012334786,0.612786885246,0.920983606557,0.984482175541,0.422819008395,0.706014723965,0.428128297873,0.487366735678
Grammar,ridge_v2_grammar_rules,3050,0.463136348324,0.5761422264,0.333846504176,-5.32128035688e-05,0.6,0.921967213115,0.986325455506,0.413626809029,0.706014723965,0.434239440227,0.492034920666
Grammar,ridge_v2_syntax,3050,0.461673996616,0.575162677062,0.336109749168,-0.000173304402716,0.602950819672,0.916721311475,0.984545951363,0.415787922182,0.706014723965,0.43156549227,0.49178337914
Grammar,ridge_v2_all,3050,0.455495533005,0.566541739233,0.355862295646,-0.000153978571005,0.618360655738,0.920655737705,0.981124645418,0.429349513939,0.706014723965,0.424933750505,0.486054342286
Grammar,rf_v2_lexical,3050,0.454780885421,0.56829772185,0.351863128652,0.00334354568228,0.609836065574,0.927868852459,1.04938335058,0.399541355589,0.706014723965,0.422669919857,0.486891423171
Grammar,rf_v2_spelling,3050,0.449169629904,0.559777730383,0.371151351134,0.00250833249807,0.620655737705,0.932131147541,1.04609136563,0.411575027404,0.706014723965,0.416694943156,0.4816421216
Grammar,rf_v2_grammar_rules,3050,0.45697009812,0.571312115426,0.344969132395,0.00355576920005,0.610491803279,0.922950819672,1.03473512559,0.400991801764,0.706014723965,0.42555266817,0.488386670262
Grammar,rf_v2_syntax,3050,0.458063613299,0.572194287523,0.342944683508,0.0029722091766,0.609508196721,0.924918032787,1.03657975222,0.399121279063,0.706014723965,0.427238005249,0.488885851215
Grammar,rf_v2_all,3050,0.448877232561,0.559488778687,0.37180039441,0.00313855873917,0.61737704918,0.931803278689,1.08083661387,0.399427752394,0.706014723965,0.415035998602,0.482715453668
Grammar,ridge_v2_all_weighted,3050,0.459808422577,0.571751255142,0.343961764924,0.0534508142778,0.614426229508,0.919016393443,0.882825022365,0.477137453887,0.706014723965,0.431485149909,0.488127782861
Grammar,rf_v2_all_weighted,3050,0.449723069032,0.560146683491,0.370322121556,0.0389964870187,0.616393442623,0.934426229508,0.995349590361,0.433425927393,0.706014723965,0.420707888766,0.478735399044
