target,variant,fold,n_samples,mae,rmse,r2,mean_bias,within_0_5_points_rate,within_1_0_point_rate,calibration_slope,prediction_standard_deviation,human_standard_deviation
Vocabulary,ridge_baseline,0,609,0.372162233271,0.474171862476,0.340293929866,-9.58817001806e-05,0.732348111658,0.965517241379,1.03620509339,0.329127407442,0.584275123416
Vocabulary,ridge_baseline,1,610,0.383643064374,0.476201729403,0.345766613906,0.0103292191482,0.716393442623,0.970491803279,0.92008265719,0.378166686013,0.589224624194
Vocabulary,ridge_baseline,2,610,0.370414924958,0.476778267351,0.326774862677,-0.0267836456222,0.722950819672,0.962295081967,0.979039068051,0.340740412015,0.58155736543
Vocabulary,ridge_baseline,3,611,0.373676216208,0.465582515891,0.393891233935,0.0321633722748,0.734860883797,0.9705400982,1.11520917624,0.339881575955,0.598517795745
Vocabulary,ridge_baseline,4,610,0.362307647686,0.462729671373,0.360088778631,-0.017048075513,0.747540983607,0.96393442623,1.03500247649,0.336247310856,0.578926935987
Vocabulary,rf_baseline,0,609,0.380042963809,0.486883499939,0.304448909929,-0.00373977826754,0.715927750411,0.955665024631,1.01221777421,0.318538224184,0.584275123416
Vocabulary,rf_baseline,1,610,0.370162441424,0.4693312714,0.364508493634,0.0263950080861,0.718032786885,0.970491803279,1.0694362227,0.334265294045,0.589224624194
Vocabulary,rf_baseline,2,610,0.37287540874,0.475110870442,0.331475457138,-0.0311860504591,0.708196721311,0.962295081967,1.08535139217,0.310794756147,0.58155736543
Vocabulary,rf_baseline,3,611,0.382816846786,0.480028262145,0.355695959462,0.0273209193399,0.702127659574,0.965630114566,1.18321535803,0.306262032221,0.598517795745
Vocabulary,rf_baseline,4,610,0.357183008124,0.461107126769,0.364568561148,-0.0011681389521,0.74262295082,0.959016393443,1.11285250397,0.315735062025,0.578926935987
Vocabulary,ridge_v2_lexical,0,609,0.371291716305,0.46949190607,0.353251930899,-0.00230062858284,0.72249589491,0.965517241379,1.01265104333,0.342959860335,0.584275123416
Vocabulary,ridge_v2_lexical,1,610,0.380713916842,0.474688189572,0.349918781398,0.00926081374609,0.704918032787,0.975409836066,0.918043141211,0.381322521883,0.589224624194
Vocabulary,ridge_v2_lexical,2,610,0.365143338938,0.471714291743,0.340999884942,-0.0267076357385,0.74262295082,0.962295081967,0.966411031938,0.352704789969,0.58155736543
Vocabulary,ridge_v2_lexical,3,611,0.370884835551,0.459841326546,0.408747162218,0.034381212572,0.734860883797,0.972176759411,1.12267991691,0.344275289549,0.598517795745
Vocabulary,ridge_v2_lexical,4,610,0.360480330256,0.457808162711,0.373628350303,-0.0155562379607,0.755737704918,0.96393442623,1.05142277544,0.337292156543,0.578926935987
Vocabulary,ridge_v2_spelling,0,609,0.366052900096,0.465368290463,0.364563002865,0.000208684712432,0.732348111658,0.963875205255,1.05841631968,0.333817975919,0.584275123416
Vocabulary,ridge_v2_spelling,1,610,0.372779468116,0.465928556557,0.373689887163,0.00478112681168,0.724590163934,0.973770491803,0.926253109903,0.390145050468,0.589224624194
Vocabulary,ridge_v2_spelling,2,610,0.365815006281,0.469787726001,0.346371841722,-0.0243103684997,0.727868852459,0.967213114754,0.969723428954,0.354015493787,0.58155736543
Vocabulary,ridge_v2_spelling,3,611,0.375001902793,0.464307555544,0.397206249167,0.037458364421,0.72504091653,0.9705400982,1.07872145331,0.352346225123,0.598517795745
Vocabulary,ridge_v2_spelling,4,610,0.356659204026,0.457200855472,0.375289079656,-0.0206518692496,0.749180327869,0.96393442623,1.01087853608,0.351454543135,0.578926935987
Vocabulary,ridge_v2_grammar_rules,0,609,0.37252078839,0.475013865796,0.337948924043,-0.000478533926698,0.725779967159,0.96223316913,1.03208797064,0.329258233227,0.584275123416
Vocabulary,ridge_v2_grammar_rules,1,610,0.383291880638,0.475793278065,0.346888440575,0.0103954590426,0.714754098361,0.970491803279,0.921294886675,0.3782359354,0.589224624194
Vocabulary,ridge_v2_grammar_rules,2,610,0.370319801674,0.476481092116,0.327613841721,-0.0266003564485,0.722950819672,0.960655737705,0.979254941465,0.341082891193,0.58155736543
Vocabulary,ridge_v2_grammar_rules,3,611,0.373755992416,0.46575093355,0.393452652679,0.0319845963393,0.72504091653,0.968903436989,1.11152383742,0.340701940267,0.598517795745
Vocabulary,ridge_v2_grammar_rules,4,610,0.362018368302,0.462515451309,0.36068113352,-0.0170189219805,0.747540983607,0.962295081967,1.03481166147,0.336581746718,0.578926935987
Vocabulary,ridge_v2_syntax,0,609,0.369845287489,0.471882257944,0.346649512642,-0.00126831385505,0.727422003284,0.965517241379,1.04106615452,0.330693354416,0.584275123416
Vocabulary,ridge_v2_syntax,1,610,0.383027574937,0.476045661939,0.346195372591,0.0110838103704,0.711475409836,0.970491803279,0.921215543902,0.377917082036,0.589224624194
Vocabulary,ridge_v2_syntax,2,610,0.366165471084,0.473498629054,0.336004901785,-0.0254375122035,0.740983606557,0.962295081967,0.983421481776,0.343813042787,0.58155736543
Vocabulary,ridge_v2_syntax,3,611,0.37307504648,0.464449816689,0.396836807551,0.0320582069059,0.738134206219,0.9705400982,1.10612155422,0.343680560404,0.598517795745
Vocabulary,ridge_v2_syntax,4,610,0.36316829255,0.46341474725,0.358192586158,-0.0180377084521,0.732786885246,0.960655737705,1.02995462411,0.337005034337,0.578926935987
Vocabulary,ridge_v2_all,0,609,0.364422006695,0.461798503338,0.374274341756,-0.00119726971115,0.733990147783,0.960591133005,1.03079804116,0.34692469093,0.584275123416
Vocabulary,ridge_v2_all,1,610,0.371006937159,0.465292029203,0.375399982829,0.00540407660877,0.718032786885,0.970491803279,0.929557212385,0.38953926256,0.589224624194
Vocabulary,ridge_v2_all,2,610,0.359436662293,0.464480096787,0.361057701893,-0.0232709948605,0.740983606557,0.960655737705,0.957860983954,0.365983484404,0.58155736543
Vocabulary,ridge_v2_all,3,611,0.371211699848,0.458656395045,0.411790348713,0.0360052875358,0.721767594108,0.975450081833,1.08120897689,0.357797336445,0.598517795745
Vocabulary,ridge_v2_all,4,610,0.353642544875,0.453039860634,0.386608350826,-0.0192636320383,0.73606557377,0.965573770492,1.0312943878,0.349702532171,0.578926935987
Vocabulary,rf_v2_lexical,0,609,0.378868429849,0.48083225282,0.321630827108,-0.00449710219153,0.720853858785,0.952380952381,1.02806281661,0.322461965594,0.584275123416
Vocabulary,rf_v2_lexical,1,610,0.370112220101,0.466983900906,0.370849445675,0.023768364018,0.734426229508,0.967213114754,1.06879256771,0.337163075153,0.589224624194
Vocabulary,rf_v2_lexical,2,610,0.368825495774,0.469719524662,0.34656160862,-0.0315619496872,0.72131147541,0.96393442623,1.07673867649,0.320124539186,0.58155736543
Vocabulary,rf_v2_lexical,3,611,0.37997371076,0.473567427495,0.372922978964,0.0311589653084,0.703764320786,0.967266775777,1.19092359547,0.31205535328,0.598517795745
Vocabulary,rf_v2_lexical,4,610,0.354387435905,0.456692458106,0.376677637004,0.000404768670987,0.750819672131,0.959016393443,1.11986598783,0.319113410996,0.578926935987
Vocabulary,rf_v2_spelling,0,609,0.373442377433,0.470812415222,0.349608682614,0.00446504489963,0.724137931034,0.95894909688,1.0489337672,0.329738653075,0.584275123416
Vocabulary,rf_v2_spelling,1,610,0.357790328365,0.455441006663,0.401567698055,0.0198439216767,0.740983606557,0.968852459016,1.05112538727,0.356150476184,0.589224624194
Vocabulary,rf_v2_spelling,2,610,0.366115350161,0.465862435144,0.357248932696,-0.0292911378573,0.744262295082,0.967213114754,1.0271219606,0.33973985293,0.58155736543
Vocabulary,rf_v2_spelling,3,611,0.379049117108,0.46659252322,0.391258668138,0.0335126340378,0.707037643208,0.975450081833,1.17074515429,0.324527269653,0.598517795745
Vocabulary,rf_v2_spelling,4,610,0.348529599552,0.448752157308,0.398164047779,-0.00935025015339,0.752459016393,0.965573770492,1.12400918202,0.32710466644,0.578926935987
Vocabulary,rf_v2_grammar_rules,0,609,0.380862791289,0.487673700402,0.302189351707,-0.00301043029191,0.714285714286,0.955665024631,0.994810189286,0.322880462292,0.584275123416
Vocabulary,rf_v2_grammar_rules,1,610,0.371882076865,0.470967249414,0.360070425329,0.0275687646513,0.732786885246,0.965573770492,1.04562946767,0.339491625068,0.589224624194
Vocabulary,rf_v2_grammar_rules,2,610,0.374399909464,0.475679866991,0.329873237702,-0.0331180863783,0.718032786885,0.962295081967,1.06654019183,0.315328746812,0.58155736543
Vocabulary,rf_v2_grammar_rules,3,611,0.382809199227,0.47950838855,0.357090774326,0.0301429912689,0.700490998363,0.965630114566,1.16753554307,0.310637324132,0.598517795745
Vocabulary,rf_v2_grammar_rules,4,610,0.360715728059,0.463932342787,0.356758095032,-0.00313647443996,0.750819672131,0.959016393443,1.08372075122,0.32004496909,0.578926935987
Vocabulary,rf_v2_syntax,0,609,0.378228046853,0.484672106686,0.31075285709,-0.00381899766899,0.707717569787,0.957307060755,1.01107862096,0.322178093387,0.584275123416
Vocabulary,rf_v2_syntax,1,610,0.373799612538,0.470710310675,0.360768468973,0.0272194813254,0.729508196721,0.965573770492,1.05662712,0.336419202997,0.589224624194
Vocabulary,rf_v2_syntax,2,610,0.372342647816,0.472502492012,0.3387957625,-0.0283755699642,0.713114754098,0.96393442623,1.08461142241,0.314149180557,0.58155736543
Vocabulary,rf_v2_syntax,3,611,0.382338677598,0.478746948971,0.359130979921,0.0283949974707,0.69558101473,0.965630114566,1.17775223781,0.309038018359,0.598517795745
Vocabulary,rf_v2_syntax,4,610,0.359241588892,0.462455990309,0.360845504659,-0.00221597245914,0.755737704918,0.955737704918,1.09977283567,0.31753005859,0.578926935987
Vocabulary,rf_v2_all,0,609,0.371475281874,0.470307169522,0.351003850137,0.00439439739903,0.720853858785,0.95894909688,1.09176904331,0.318212522724,0.584275123416
Vocabulary,rf_v2_all,1,610,0.36024273148,0.455427074163,0.401604311054,0.0174586581458,0.740983606557,0.967213114754,1.11482906807,0.337103167544,0.589224624194
Vocabulary,rf_v2_all,2,610,0.361090660159,0.461581017773,0.369008800184,-0.0323496776583,0.747540983607,0.970491803279,1.0815296132,0.328947221573,0.58155736543
Vocabulary,rf_v2_all,3,611,0.375061782565,0.46407178782,0.397818271203,0.0326116295094,0.716857610475,0.975450081833,1.2370585056,0.312083360812,0.598517795745
Vocabulary,rf_v2_all,4,610,0.346702555812,0.44619581741,0.405001297105,-0.00793965920221,0.762295081967,0.96393442623,1.19679085928,0.312166812959,0.578926935987
Vocabulary,ridge_v2_all_weighted,0,609,0.369745900501,0.465490211351,0.36423000557,0.00986430484784,0.724137931034,0.967159277504,0.868655226496,0.410818701916,0.584275123416
Vocabulary,ridge_v2_all_weighted,1,610,0.382455529596,0.476106202886,0.346029067251,0.00918297667579,0.703278688525,0.968852459016,0.78389585499,0.460145600271,0.589224624194
Vocabulary,ridge_v2_all_weighted,2,610,0.365018125144,0.470094977978,0.34551658644,-0.00444651417565,0.737704918033,0.96393442623,0.817652179955,0.428916634872,0.58155736543
Vocabulary,ridge_v2_all_weighted,3,611,0.372895542716,0.460214271697,0.407787725628,0.0450991630484,0.716857610475,0.975450081833,0.917874667195,0.420982077963,0.598517795745
Vocabulary,ridge_v2_all_weighted,4,610,0.3576067957,0.455623870533,0.379591174394,-0.0115743236723,0.744262295082,0.965573770492,0.8764397453,0.411289845318,0.578926935987
Vocabulary,rf_v2_all_weighted,0,609,0.37165413444,0.46900492915,0.354592904143,0.010699228747,0.737274220033,0.96223316913,0.948758725085,0.367423183515,0.584275123416
Vocabulary,rf_v2_all_weighted,1,610,0.365007013067,0.457862725358,0.395186684122,0.0263083516214,0.744262295082,0.967213114754,0.948663035472,0.392013789828,0.589224624194
Vocabulary,rf_v2_all_weighted,2,610,0.363273336883,0.462647017546,0.366090945416,-0.0212553120488,0.750819672131,0.970491803279,0.932369572483,0.379085083195,0.58155736543
Vocabulary,rf_v2_all_weighted,3,611,0.370891506003,0.456693636802,0.416813904743,0.0398349560115,0.715220949264,0.973813420622,1.07459874521,0.362368249652,0.598517795745
Vocabulary,rf_v2_all_weighted,4,610,0.346844670963,0.444226176735,0.41024270444,-0.00611287417271,0.754098360656,0.968852459016,1.02724571926,0.361145130969,0.578926935987
Grammar,ridge_baseline,0,609,0.462051135213,0.574991446226,0.305645252076,0.0234739773842,0.607553366174,0.909688013136,0.980925538738,0.390034546687,0.690601529635
Grammar,ridge_baseline,1,610,0.429098889226,0.545839705017,0.367717165107,0.0148682590047,0.655737704918,0.918032786885,0.915046947446,0.457547201696,0.687014176585
Grammar,ridge_baseline,2,610,0.477901843701,0.59653838619,0.3436568016,-0.0379895397285,0.596721311475,0.914754098361,1.11855557741,0.389908538767,0.736934980051
Grammar,ridge_baseline,3,611,0.45802093107,0.560808857909,0.333827470156,0.0401670967409,0.592471358429,0.937806873977,0.980205609983,0.407494044763,0.687665429837
Grammar,ridge_baseline,4,610,0.491154307768,0.605871735252,0.298171827491,-0.0399848582347,0.554098360656,0.909836065574,0.9650857279,0.411896545333,0.72380497685
Grammar,rf_baseline,0,609,0.455360388851,0.568737151852,0.320668365302,0.0138723687711,0.609195402299,0.91789819376,1.00249539559,0.390344505738,0.690601529635
Grammar,rf_baseline,1,610,0.418300432778,0.530084223766,0.40369163345,0.0438244990951,0.659016393443,0.934426229508,1.05639210126,0.415878532554,0.687014176585
Grammar,rf_baseline,2,610,0.479825486529,0.598040089774,0.34034813428,-0.0508999030945,0.608196721311,0.916393442623,1.13715942307,0.38351233129,0.736934980051
Grammar,rf_baseline,3,611,0.456274811114,0.562587897901,0.329594201146,0.0418082987127,0.587561374795,0.937806873977,1.02464313438,0.387565965681,0.687665429837
Grammar,rf_baseline,4,610,0.478707841206,0.599881827476,0.311980378295,-0.0319571432358,0.595081967213,0.909836065574,1.02380325735,0.396224125034,0.72380497685
Grammar,ridge_v2_lexical,0,609,0.456362715396,0.569709172037,0.318344309861,0.0190700904146,0.617405582923,0.91789819376,0.976362687996,0.399680142679,0.690601529635
Grammar,ridge_v2_lexical,1,610,0.429247637007,0.545541202776,0.36840852645,0.0150100258853,0.649180327869,0.918032786885,0.910312427614,0.460616867132,0.687014176585
Grammar,ridge_v2_lexical,2,610,0.47412254368,0.589382077107,0.359309847244,-0.0382376791576,0.606557377049,0.92131147541,1.1209828917,0.397862114045,0.736934980051
Grammar,ridge_v2_lexical,3,611,0.454351268827,0.557677398401,0.341246283479,0.0464310474057,0.600654664484,0.941080196399,0.98825782963,0.409221125175,0.687665429837
Grammar,ridge_v2_lexical,4,610,0.494367879424,0.608362996323,0.292388319963,-0.0396892586065,0.559016393443,0.898360655738,0.950053626649,0.414648131974,0.72380497685
Grammar,ridge_v2_spelling,0,609,0.456330566432,0.566871172102,0.325118714969,0.023093437698,0.617405582923,0.912972085386,0.994060722656,0.396816893518,0.690601529635
Grammar,ridge_v2_spelling,1,610,0.421257345473,0.534936699382,0.392724259634,0.00996373895289,0.665573770492,0.929508196721,0.919084211715,0.470392485939,0.687014176585
Grammar,ridge_v2_spelling,2,610,0.472230367253,0.588839232242,0.360489507116,-0.0354593130435,0.601639344262,0.916393442623,1.10760191334,0.402664537678,0.736934980051
Grammar,ridge_v2_spelling,3,611,0.454318670077,0.55652744199,0.343960243279,0.0460027613992,0.602291325696,0.944353518822,0.971479937907,0.418019293129,0.687665429837
Grammar,ridge_v2_spelling,4,610,0.48460063464,0.601396718547,0.308501056968,-0.0447432429489,0.577049180328,0.901639344262,0.958947399613,0.422212428836,0.72380497685
Grammar,ridge_v2_grammar_rules,0,609,0.462220190891,0.575459844738,0.304513523234,0.0223272212744,0.604269293924,0.912972085386,0.975924976497,0.391283811274,0.690601529635
Grammar,ridge_v2_grammar_rules,1,610,0.427464855396,0.543785131541,0.37246810806,0.0159602260354,0.650819672131,0.922950819672,0.920557727579,0.457506602021,0.687014176585
Grammar,ridge_v2_grammar_rules,2,610,0.476852984087,0.594850411847,0.347365944389,-0.0378586000469,0.603278688525,0.922950819672,1.11777573046,0.392228050186,0.736934980051
Grammar,ridge_v2_grammar_rules,3,611,0.459682218045,0.560932007664,0.333534864252,0.0390114131626,0.587561374795,0.937806873977,0.974560480589,0.409614824639,0.687665429837
Grammar,ridge_v2_grammar_rules,4,610,0.489465653813,0.603637604671,0.303338217552,-0.0397336755776,0.554098360656,0.913114754098,0.967661142207,0.414242454902,0.72380497685
Grammar,ridge_v2_syntax,0,609,0.460145549355,0.573504272801,0.309232402908,0.0215685438503,0.609195402299,0.916256157635,0.97431660196,0.39491703073,0.690601529635
Grammar,ridge_v2_syntax,1,610,0.425206918153,0.543139914928,0.373956393667,0.0151522855392,0.655737704918,0.916393442623,0.922908959811,0.457109744831,0.687014176585
Grammar,ridge_v2_syntax,2,610,0.472709024548,0.59038283832,0.357132237051,-0.03650984193,0.598360655738,0.914754098361,1.12942026908,0.393865619494,0.736934980051
Grammar,ridge_v2_syntax,3,611,0.458806326163,0.558611760534,0.339037012808,0.0397642214266,0.585924713584,0.937806873977,0.966609829767,0.416527223024,0.687665429837
Grammar,ridge_v2_syntax,4,610,0.491504360308,0.607931782323,0.293391089443,-0.0408715598793,0.565573770492,0.898360655738,0.954142840968,0.413604126865,0.72380497685
Grammar,ridge_v2_all,0,609,0.451590727909,0.563691306909,0.332668975163,0.0182243035952,0.614121510673,0.919540229885,0.975948042261,0.408689748741,0.690601529635
Grammar,ridge_v2_all,1,610,0.418325337624,0.531266760294,0.401028120966,0.0125168647893,0.668852459016,0.92131147541,0.931704152031,0.468408707867,0.687014176585
Grammar,ridge_v2_all,2,610,0.46551209713,0.57869790999,0.382327840299,-0.034455313605,0.613114754098,0.922950819672,1.10799757008,0.414401461622,0.736934980051
Grammar,ridge_v2_all,3,611,0.456124885949,0.553628979491,0.350775917946,0.0472100683992,0.60883797054,0.944353518822,0.956973704427,0.428878680107,0.687665429837
Grammar,ridge_v2_all,4,610,0.485917183367,0.602891005339,0.305060461369,-0.0443133336809,0.586885245902,0.895081967213,0.949570286419,0.424186506671,0.72380497685
Grammar,rf_v2_lexical,0,609,0.451540702451,0.564704318776,0.330268293539,0.0145888135437,0.610837438424,0.92118226601,1.00787410816,0.394059348633,0.690601529635
Grammar,rf_v2_lexical,1,610,0.414833708505,0.526494107981,0.411741548546,0.0375720782614,0.659016393443,0.940983606557,1.04773635587,0.422718724928,0.687014176585
Grammar,rf_v2_lexical,2,610,0.474968467883,0.591892737361,0.353839774636,-0.0486378853051,0.596721311475,0.92131147541,1.14024716027,0.389766875752,0.736934980051
Grammar,rf_v2_lexical,3,611,0.452193118473,0.554801271968,0.348023582654,0.044635758701,0.602291325696,0.94271685761,1.03596972352,0.394197324766,0.687665429837
Grammar,rf_v2_lexical,4,610,0.480367360259,0.60050079152,0.310559834812,-0.0314902940767,0.580327868852,0.913114754098,1.01906865202,0.397089532513,0.72380497685
Grammar,rf_v2_spelling,0,609,0.444454753852,0.555394039004,0.352169978797,0.0180159673202,0.63711001642,0.927750410509,1.00369777038,0.408717844316,0.690601529635
Grammar,rf_v2_spelling,1,610,0.408808898055,0.518450868384,0.429577881592,0.0372002811089,0.673770491803,0.94262295082,1.02779219685,0.439763968214,0.687014176585
Grammar,rf_v2_spelling,2,610,0.470861045774,0.584335171319,0.370235386545,-0.0481355531804,0.603278688525,0.924590163934,1.13303109797,0.400804628909,0.736934980051
Grammar,rf_v2_spelling,3,611,0.447802210514,0.548353457824,0.363089859135,0.0467715199594,0.605564648118,0.945990180033,1.03635963388,0.402619521929,0.687665429837
Grammar,rf_v2_spelling,4,610,0.473915753694,0.589385551152,0.335846627672,-0.0413576929679,0.583606557377,0.919672131148,1.03986330917,0.405638687226,0.72380497685
Grammar,rf_v2_grammar_rules,0,609,0.453322759812,0.567142482811,0.324472549326,0.0131958234142,0.622331691297,0.914614121511,0.993815614425,0.396062489908,0.690601529635
Grammar,rf_v2_grammar_rules,1,610,0.41789509897,0.529788600943,0.404356558756,0.0435121238852,0.659016393443,0.937704918033,1.03739794172,0.42347911843,0.687014176585
Grammar,rf_v2_grammar_rules,2,610,0.479379371684,0.598122661891,0.340165963847,-0.0501734949771,0.593442622951,0.919672131148,1.12205498086,0.387961911137,0.736934980051
Grammar,rf_v2_grammar_rules,3,611,0.454630915922,0.560134506184,0.335428602144,0.040032704133,0.592471358429,0.936170212766,1.01255347506,0.395347653599,0.687665429837
Grammar,rf_v2_grammar_rules,4,610,0.479620199692,0.598475292458,0.315202976953,-0.0288323053415,0.585245901639,0.906557377049,1.01354918124,0.401978564659,0.72380497685
Grammar,rf_v2_syntax,0,609,0.452527912345,0.566869801854,0.325121977626,0.015915873645,0.604269293924,0.916256157635,0.999920859149,0.394130558903,0.690601529635
Grammar,rf_v2_syntax,1,610,0.419901950598,0.5311267502,0.401343785581,0.0423643704633,0.660655737705,0.932786885246,1.041845706,0.420070481424,0.687014176585
Grammar,rf_v2_syntax,2,610,0.478346161376,0.595805251243,0.345269078232,-0.0458089130752,0.595081967213,0.92131147541,1.12943420138,0.388095382065,0.736934980051
Grammar,rf_v2_syntax,3,611,0.457667365916,0.56217449561,0.330579097789,0.039105646823,0.592471358429,0.939443535188,1.00494811895,0.395361044326,0.687665429837
Grammar,rf_v2_syntax,4,610,0.481866250924,0.602145452462,0.306778164269,-0.0367539479946,0.595081967213,0.914754098361,1.01166217836,0.397967502819,0.72380497685
Grammar,rf_v2_all,0,609,0.44281738029,0.55500982328,0.353065992683,0.016263056321,0.635467980296,0.927750410509,1.03974521787,0.395264168521,0.690601529635
Grammar,rf_v2_all,1,610,0.407629253896,0.517754337306,0.431109559375,0.0396770909559,0.660655737705,0.944262295082,1.05835275669,0.428515453784,0.687014176585
Grammar,rf_v2_all,2,610,0.468692965434,0.581361044146,0.376629776542,-0.0460543494782,0.601639344262,0.92131147541,1.17848468476,0.39025214862,0.736934980051
Grammar,rf_v2_all,3,611,0.44741198145,0.5462981342,0.367855410097,0.0469096193691,0.605564648118,0.947626841244,1.06710840836,0.394095854241,0.687665429837
Grammar,rf_v2_all,4,610,0.477827049604,0.593823562051,0.325806961258,-0.0411528637393,0.583606557377,0.918032786885,1.07084432887,0.388575404817,0.72380497685
Grammar,ridge_v2_all_weighted,0,609,0.457381057404,0.570042653514,0.317546056687,0.0723361686293,0.6026272578,0.916256157635,0.877731296176,0.455420005951,0.690601529635
Grammar,ridge_v2_all_weighted,1,610,0.425542849736,0.54153505928,0.377650562499,0.0624235943419,0.667213114754,0.916393442623,0.836279565351,0.520414195579,0.687014176585
Grammar,ridge_v2_all_weighted,2,610,0.463357079032,0.577251786175,0.385411018399,0.0250533424866,0.601639344262,0.927868852459,0.988941767266,0.463339091616,0.736934980051
Grammar,ridge_v2_all_weighted,3,611,0.463347442617,0.562994457137,0.328624901401,0.0981058056959,0.607201309329,0.931260229133,0.869723256184,0.472436807526,0.687665429837
Grammar,ridge_v2_all_weighted,4,610,0.489403903136,0.605077969937,0.300009582588,0.00929291492838,0.593442622951,0.903278688525,0.853473830597,0.471644713788,0.72380497685
Grammar,rf_v2_all_weighted,0,609,0.447091803902,0.558514848914,0.34486909179,0.0524918534448,0.625615763547,0.934318555008,0.95046804241,0.430845090077,0.690601529635
Grammar,rf_v2_all_weighted,1,610,0.41248639841,0.524043227883,0.41720559901,0.0754834300593,0.662295081967,0.945901639344,0.974988995149,0.461836191814,0.687014176585
Grammar,rf_v2_all_weighted,2,610,0.463315710243,0.574186286987,0.391921243273,-0.00662833997103,0.608196721311,0.927868852459,1.08306434644,0.427267860084,0.736934980051
Grammar,rf_v2_all_weighted,3,611,0.451438438884,0.550261446808,0.358649906466,0.0784030134286,0.595744680851,0.94271685761,0.982573856144,0.426735919629,0.687665429837
Grammar,rf_v2_all_weighted,4,610,0.474275868088,0.591437945947,0.331213062205,-0.00480999917976,0.590163934426,0.92131147541,0.991367420161,0.420229092147,0.72380497685
