essay_id,audit_category,trait,content_word_low_frequency_ratio,content_word_frequency_p25,content_lemma_mattr,detected_misspellings_per_100_words,detected_spelling_rule_diversity,detected_grammar_rule_diversity,detected_repeated_grammar_rule_ratio,mean_dependency_distance,mean_sentence_tree_depth
48EA282A4EAF,low_score_overprediction,Vocabulary,0.216049382716,4.19,0.364601769912,12.9411764706,0.0606060606061,1,0,1.98760330579,6.69230769231
59ADAA4D04E5,low_score_overprediction,Vocabulary,0.44262295082,1.11,0.788333333333,24.5454545455,0.037037037037,0,0,3.89719626168,5.33333333333
D669349412FB,low_score_overprediction,Vocabulary,0.188679245283,4.72,0.68981595092,9.34065934066,0.176470588235,0,0,2.46064139942,4.33333333333
16DEF72E220A,low_score_overprediction,Vocabulary,0.041825095057,5.02,0.695887850467,1.91304347826,0.363636363636,0.909090909091,0.0909090909091,2.71818181818,5.68
BC8115EEB029,low_score_overprediction,Vocabulary,0.100961538462,5.02,0.772075471698,3.69685767098,0.25,1,0,2.18218623482,3.56
D344D0003B84,low_score_overprediction,Grammar,0.00990099009901,5.12,0.737352112676,0.208768267223,1,1,0,2.71789242591,5
DE841BF24A2F,low_score_overprediction,Grammar,0.0320855614973,5.08,0.692753623188,0.26525198939,1,1,0,2.74931129477,5.42857142857
97A0FFE91A3E,low_score_overprediction,Grammar,0.00512820512821,5.02,0.643150684932,2.12314225053,0.3,0,0,2.7576419214,6.71428571429
806672A60686,low_score_overprediction,Grammar,0.0820895522388,5.05,0.776470588235,4.10447761194,0.545454545455,0.5,0.5,2.29718875502,4.21052631579
8E764A2C7266,low_score_overprediction,Grammar,0.137096774194,4.91,0.514666666667,2.14592274678,0.2,1,0,2.19266055046,4.26666666667
D1D770AF6855,high_score_underprediction,Vocabulary,0.0812182741117,4.92,0.68472972973,1.81818181818,0.428571428571,0,0,2.72459893048,7.18181818182
53CF6D801CAF,high_score_underprediction,Vocabulary,0.0817610062893,4.7,0.749636363636,0,0,1,0,2.28525641026,4.45454545455
E2C3F26AB94D,high_score_underprediction,Vocabulary,0.0833333333333,4.54,0.68313253012,0.347222222222,1,0,0,2.31343283582,3.9
0AFC8CE27321,high_score_underprediction,Vocabulary,0.00606060606061,5.07,0.74224137931,0.56657223796,0.5,0,0,2.86918604651,7.66666666667
5D7D1445A7CF,high_score_underprediction,Vocabulary,0.046875,4.94,0.787158671587,0,0,1,0,2.32100591716,5.025
52DC3B7C3952,high_score_underprediction,Grammar,0.016,5.02,0.651741293532,0.196463654224,1,0,0,2.58606557377,5.61904761905
51DA4BA94C7C,high_score_underprediction,Grammar,0.0608695652174,5.17,0.738243243243,1.54639175258,0.583333333333,0.5625,0.4375,3.21324503311,6.90909090909
277A95AC0190,high_score_underprediction,Grammar,0.0824372759857,5.06,0.645043478261,4.07830342577,0.08,0.5,0.5,2.84228187919,6.35294117647
B50C9D328FAD,high_score_underprediction,Grammar,0.11914893617,4.63,0.755698924731,1.20481927711,0.666666666667,1,0,2.05986696231,3.29411764706
9F401E75755A,high_score_underprediction,Grammar,0,5.26,0.671489361702,0.590551181102,0.333333333333,1,0,3.46881287726,7.36363636364
F074C2FEC1AF,good_prediction,Vocabulary,0.0855263157895,5.09,0.800776699029,6.13026819923,0.25,0,0,2.8373015873,6.44444444444
1721F085F81E,good_prediction,Vocabulary,0.0632183908046,4.94,0.808,3.50877192982,0.5,0,0,2.89090909091,5
168958FC7315,good_prediction,Vocabulary,0.03,5.17,0.577647058824,0.961538461538,0.5,0,0,2.29081632653,4.5
60FD2E2FB768,good_prediction,Vocabulary,0.042654028436,5.02,0.743086419753,0.934579439252,0.75,1,0,2.32338308458,4.73076923077
992DB55B9726,good_prediction,Vocabulary,0.0618181818182,5.11,0.778938053097,0.784929356358,0.8,0.47619047619,0.52380952381,2.80325203252,6.13636363636
F8FE459205F4,good_prediction,Grammar,0.0705289672544,5,0.775344827586,3.60824742268,0.142857142857,1,0,3.1955602537,6.4
36A74F4F050A,good_prediction,Grammar,0.224358974359,4.24,0.678504672897,4.44444444444,0.1875,1,0,2.56891495601,4.78947368421
E974548BFD00,good_prediction,Grammar,0.0200573065903,5.25,0.601933333333,1.76390773406,0.615384615385,1,0,2.45376955903,5.51428571429
5FE4F223CEA8,good_prediction,Grammar,0.025,4.96,0.67935483871,1.71428571429,0.666666666667,1,0,2.49404761905,6.57142857143
3814F9116CD1,good_prediction,Grammar,0.0395256916996,5.07,0.681750547046,1.99170124481,0.208333333333,0.833333333333,0.166666666667,3.61012658228,6.5
