issue_type,category,rule_id,detected_matches
misspelling,TYPOS,MORFOLOGIK_RULE_EN_US,212
whitespace,TYPOGRAPHY,COMMA_PARENTHESIS_WHITESPACE,120
uncategorized,PUNCTUATION,COMMA_COMPOUND_SENTENCE,71
typographical,CASING,UPPERCASE_SENTENCE_START,53
misspelling,TYPOS,I_LOWERCASE,23
misspelling,TYPOS,EN_CONTRACTION_SPELLING,20
style,STYLE,WANNA,19
grammar,GRAMMAR,MD_BASEFORM,11
grammar,GRAMMAR,HE_VERB_AGR,11
style,REPETITIONS_STYLE,ENGLISH_WORD_REPEAT_BEGINNING_RULE,8
typographical,PUNCTUATION,EN_UNPAIRED_QUOTES,7
misspelling,TYPOS,WONT_CONTRACTION,7
misspelling,TYPOS,NON_STANDARD_WORD,6
uncategorized,PUNCTUATION,SENT_START_CONJUNCTIVE_LINKING_ADVERB_COMMA,6
misspelling,TYPOS,NOW_A_DAYS,6
misspelling,CONFUSED_WORDS,EVERYDAY_EVERY_DAY,5
grammar,GRAMMAR,PEOPLE_VBZ,5
misspelling,MISC,EN_A_VS_AN,5
misspelling,TYPOS,IT_IS,5
grammar,GRAMMAR,BEEN_PART_AGREEMENT,4
grammar,GRAMMAR,PRP_PAST_PART,4
typographical,TYPOGRAPHY,WRONG_APOSTROPHE,3
grammar,GRAMMAR,A_NNS,3
uncategorized,PUNCTUATION,COMMA_COMPOUND_SENTENCE_2,3
duplication,MISC,ENGLISH_WORD_REPEAT_RULE,3
grammar,GRAMMAR,PRP_JJ,3
grammar,GRAMMAR,PRP_MD_NN,3
locale-violation,BRITISH_ENGLISH,IN_FUTURE,3
uncategorized,PUNCTUATION,MISSING_COMMA_AFTER_INTRODUCTORY_PHRASE,3
misspelling,TYPOS,COMPARISONS_THEN,3
grammar,GRAMMAR,CD_NN,3
whitespace,TYPOGRAPHY,SENTENCE_WHITESPACE,2
style,REDUNDANCY,IN_A_X_MANNER,2
grammar,GRAMMAR,MD_BE_NON_VBP,2
misspelling,CONFUSED_WORDS,CHOICE_CHOOSE,2
uncategorized,PUNCTUATION,PRP_COMMA,2
grammar,GRAMMAR,PRP_VBG,2
grammar,GRAMMAR,DT_DT,2
misspelling,TYPOS,TOMORROW_POSSESSIVE_APOSTROPHE,2
grammar,GRAMMAR,I_AM_VB,2
grammar,GRAMMAR,HAVE_PART_AGREEMENT,2
style,STYLE,WHEN_WHERE,2
misspelling,TYPOS,YOUR_YOU_2,2
grammar,GRAMMAR,ITS_TO_IT_S,2
uncategorized,COMPOUNDING,ANY_MORE,2
grammar,GRAMMAR,MOST_COMPARATIVE,2
misspelling,CONFUSED_WORDS,THEIR_IS,2
grammar,GRAMMAR,BUNCH_OF,2
typographical,PUNCTUATION,DOUBLE_PUNCTUATION,2
grammar,GRAMMAR,THIS_NNS,2
grammar,GRAMMAR,MANY_NN_U,2
misspelling,TYPOS,WITH_OUT,2
misspelling,CONFUSED_WORDS,YOUR,2
misspelling,TYPOS,IN_TO_INTO,2
misspelling,CONFUSED_WORDS,BESIDES_BESIDE,2
grammar,GRAMMAR,DT_PRP,2
grammar,GRAMMAR,PRP_THE,2
grammar,GRAMMAR,IT_VBZ,2
grammar,GRAMMAR,FOR_VB,2
grammar,GRAMMAR,IF_VB,2
misspelling,CONFUSED_WORDS,SAY_TELL,1
misspelling,CONFUSED_WORDS,NO_NOT,1
misspelling,TYPOS,INCORRECT_CONTRACTIONS,1
grammar,GRAMMAR,BECAUSE_OF_I,1
grammar,GRAMMAR,CC_NNP_VBP,1
grammar,GRAMMAR,HOW_DO_I_VB,1
grammar,GRAMMAR,EACH_EVERY_NNS,1
grammar,GRAMMAR,THE_BEST_WAY,1
grammar,GRAMMAR,ADMIT_ENJOY_VB,1
grammar,GRAMMAR,EVERY_EACH_SINGULAR,1
grammar,GRAMMAR,ALL_MOST_SOME_OF_NOUN,1
grammar,GRAMMAR,AGREEMENT_SENT_START,1
grammar,GRAMMAR,GET_VBN,1
misspelling,CONFUSED_WORDS,IN_YOU_RE_NN,1
misspelling,CONFUSED_WORDS,YOUR_NN,1
misspelling,TYPOS,HANGOUT_VERB,1
uncategorized,PUNCTUATION,UNNECESSARY_COMMA,1
grammar,GRAMMAR,BE_NOT_BE_JJ,1
misspelling,TYPOS,CONFUSION_OF_ME_I,1
misspelling,TYPOS,OM,1
misspelling,CONFUSED_WORDS,MOTH_MONTH,1
style,STYLE,EXTREME_ADJECTIVES,1
misspelling,CONFUSED_WORDS,BY_BUY,1
misspelling,CONFUSED_WORDS,WHIT_WITH,1
misspelling,TYPOS,BE_CAUSE,1
misspelling,CONFUSED_WORDS,BATTER_BETTER,1
misspelling,TYPOS,HE_THE,1
uncategorized,PUNCTUATION,IF_WE_CANT_COMMA,1
misspelling,MISC,EN_COMPOUNDS_OFF_KEY,1
uncategorized,PUNCTUATION,APOS_ARE,1
grammar,GRAMMAR,LET_IT_INFINITIVE,1
grammar,GRAMMAR,AGREEMENT_SENT_START_2,1
style,STYLE,GONNA,1
misspelling,CONFUSED_WORDS,OTHER_OTHERS,1
grammar,GRAMMAR,BE_VBP_IN,1
grammar,GRAMMAR,SOME_FACULTY,1
misspelling,TYPOS,IT_IS_2,1
style,STYLE,ADVERB_WORD_ORDER,1
grammar,GRAMMAR,A_BIT,1
misspelling,CONFUSED_WORDS,IS_US,1
misspelling,TYPOS,ABOUT_ITS_NN,1
misspelling,CONFUSED_WORDS,AND_THAN,1
misspelling,MISC,EN_COMPOUNDS_LUNCH_TIME,1
grammar,COLLOCATIONS,ASK_TO,1
grammar,GRAMMAR,WILL_LIKE_TO,1
misspelling,CONFUSED_WORDS,THERE_THEIR,1
misspelling,TYPOS,NEAR_BY,1
grammar,GRAMMAR,A_LOT_OF_NN,1
misspelling,CONFUSED_WORDS,TO_TOO,1
grammar,GRAMMAR,MISSING_TO_BETWEEN_BE_AND_VB,1
grammar,GRAMMAR,ARTICLE_ADJECTIVE_OF,1
misspelling,CONFUSED_WORDS,WERE_WHERE,1
grammar,GRAMMAR,IN_TO_VBD,1
grammar,GRAMMAR,TO_NON_BASE,1
grammar,GRAMMAR,IS_VBZ,1
grammar,GRAMMAR,IN_WHO,1
grammar,GRAMMAR,DOSNT,1
misspelling,MISC,EN_COMPOUNDS_SELF_ESTEEM,1
misspelling,MISC,EN_COMPOUNDS_OPEN_MINDED,1
grammar,GRAMMAR,THERE_IS_A_LOT_OF,1
misspelling,TYPOS,APART_A_PART,1
misspelling,CONFUSED_WORDS,THAN_THANK,1
misspelling,TYPOS,PERS_PRON_CONTRACTION,1
grammar,GRAMMAR,MUCH_COUNTABLE,1
style,STYLE,REASON_IS_BECAUSE,1
misspelling,CONFUSED_WORDS,WELL_WILL,1
grammar,GRAMMAR,PCT_SINGULAR_NOUN_PLURAL_VERB_AGREEMENT,1
grammar,GRAMMAR,PERS_PRONOUN_AGREEMENT,1
grammar,GRAMMAR,MANY_NN,1
misspelling,CONFUSED_WORDS,SOMETIME_SOMETIMES,1
misspelling,TYPOS,MAY_BE,1
grammar,GRAMMAR,BE_INTEREST_IN,1
grammar,COLLOCATIONS,HAVE_CD_YEARS,1
grammar,GRAMMAR,HAPPEN_TO,1
grammar,GRAMMAR,DO_YOU_WHAT,1
grammar,GRAMMAR,MANY_TIME,1
