essay_id,Vocabulary,Grammar,Vocabulary_1,Vocabulary_2,Grammar_1,Grammar_2,random_forest_vocabulary,random_forest_grammar,prompt_id,word_count
0AFC8CE27321,4.5,5,5,4,5,5,3.2694680035,3.26048448117,Career commitment,353
0E03218FDD2F,4,5,4,4,5,5,4.0272294035,3.76103415181,Year-round school,521
0E4FA5AC1EC1,4.5,3.5,5,4,4,3,3.59524747733,3.45128521801,Setting our aim,582
0F8436260047,3,4.5,3,3,5,4,3.40040797439,3.19632466187,First impressions,429
101576652D3B,5,4,5,5,4,4,3.82334533616,3.66539835067,Influences of character,503
1703E46B4DC9,4.5,4,4,5,4,4,3.51165658773,3.05543836115,Self-reliance,512
1DB195AA7BE3,2,1.5,2,2,2,1,2.84143192554,2.43925672757,Distance learning,599
1F4961D46D29,5,4.5,5,5,4,5,3.81169337133,3.5998518207,Imagination,928
2003BF2E6DD0,4,4.5,4,4,5,4,3.62802259495,3.62671961397,Imagination,428
209A6BC99DB9,4.5,4.5,4,5,4,5,3.60446771614,3.50288709227,Seeking multiple opinions,475
3CD660D1E7BB,4,4.5,4,4,4,5,3.56472439777,3.56838013606,Praising student work,363
48EA282A4EAF,1,1,1,1,1,1,3.1001994178,3.1736933038,Distance learning,255
510CA49B78BB,4.5,4.5,5,4,4,5,3.41195417927,3.39496050446,Influencing behavior,387
52DC3B7C3952,4.5,5,5,4,5,5,3.67641025852,3.53029747544,Distance learning,509
53CF6D801CAF,5,4.5,5,5,5,4,3.55971125075,3.40943301367,Positive attitudes,334
59ADAA4D04E5,1.5,1.5,2,1,1,2,2.94755593236,2.92451614859,Self-reliance,110
5BE99F2E4030,4,4.5,4,4,4,5,3.68058088784,3.78301700449,Spending time outdoors,427
5D7D1445A7CF,5,4.5,5,5,4,5,3.78594758462,3.80296098121,Three-year high school program,716
70E490A83717,3.5,4.5,3,4,5,4,3.65396584945,3.67031357944,Year-round school,326
81D266D94D6D,4.5,3.5,5,4,4,3,3.82867286124,3.67376192831,First impressions,683
8FE04E30F621,3.5,4.5,4,3,5,3,3.48955301541,3.46779295104,Future accomplishments,447
9EC4A16802BF,4.5,4.5,4,5,4,5,3.47215946381,3.48457578483,Creative arts requirement,339
A98482015F5A,4.5,4.5,4,5,4,5,3.81730977869,3.61700792542,Being busy,575
AA0919FCDEDC,2,1.5,2,2,2,1,3.07447364583,2.6191700527,Success and failure,526
B50C9D328FAD,4.5,4.5,4,5,4,5,3.42831277082,3.12312609501,Places to visit,498
B68C62AB1515,4.5,4.5,5,4,5,4,3.68543705312,3.57890170097,Career commitment,729
BE4764F7BFF1,4,4.5,4,4,5,4,4.12273613959,3.92214704316,Distance learning,696
C277BE295A41,3.5,4.5,4,3,5,4,3.70888470805,3.60710308675,Individuality,246
C616CFDBCA6A,4.5,4.5,4,5,5,4,3.45165756735,3.46222164157,Distance learning,361
C662BDD50395,3.5,4.5,4,3,5,4,3.31011516451,3.53258039379,Benefits of a problem,336
C6DDD966C9FC,5,4.5,5,5,5,4,3.84742626893,3.78341622341,Working with a group or alone,358
CA3EB3AA11FC,1.5,1,2,1,1,1,2.55214383091,2.17308677824,First impressions,431
CEC5B40D1688,4.5,4,5,4,4,4,3.67167971354,3.25585035557,Impact of technology,787
D1D770AF6855,5,3.5,5,5,3,4,3.5343874469,3.51283430578,Cell phones in classrooms,385
D9018539576D,4.5,4.5,4,5,4,5,4.19139255676,4.04583621775,Impact of technology,683
E1EC4869981F,4.5,3.5,5,4,4,3,3.40582608111,3.13708004432,Mandatory extracurricular activities,292
E2C3F26AB94D,4.5,3.5,5,4,4,3,3.24718797613,3.42106320591,Future accomplishments,288
E7EFD51B632F,5,4,5,5,4,4,4.11410103439,3.88396240289,Influencing behavior,593
EC2758A5B74E,4.5,5,5,4,5,5,4.13671052501,3.92316750871,Extended school day,740
F7DF6ABE8573,4,4.5,4,4,3,5,4.01147510058,3.809166852,Impact of technology,486
F91EFD0443E6,4.5,3.5,5,3,4,3,3.62800574862,3.21511441758,Impact of technology,436
FE60E597467E,4,4.5,4,4,4,5,3.61633357989,3.50378123186,Positive attitudes,614
