trait,group_type,group,n_samples,human_human_mae,exact_agreement_rate,within_0_5_points_rate,within_1_0_point_rate,quadratic_weighted_kappa,icc_a_1
Vocabulary,split,model_train,3050,0.445901639344,0.563278688525,0.563278688525,0.990819672131,0.494757825826,0.494839797608
Vocabulary,split,validation,762,0.416010498688,0.593175853018,0.593175853018,0.990813648294,0.50174827247,0.502076567111
Vocabulary,score_band,high_4_to_5,713,0.18793828892,0.830294530154,0.830294530154,0.981767180926,0.176828828309,0.177033216303
Vocabulary,score_band,low_1_to_2.5,654,0.816513761468,0.189602446483,0.189602446483,0.993883792049,-0.536795373156,-0.538059727437
Vocabulary,score_band,middle_3_to_3.5,2445,0.412678936605,0.594683026585,0.594683026585,0.99263803681,-0.263078668516,-0.263214644304
Vocabulary,length_band,Q1,945,0.422222222222,0.585185185185,0.585185185185,0.992592592593,0.435339308579,0.435599590024
Vocabulary,length_band,Q2,951,0.444794952681,0.566771819138,0.566771819138,0.988433228181,0.421198183154,0.421454690767
Vocabulary,length_band,Q3,961,0.473465140479,0.534859521332,0.534859521332,0.991675338189,0.419338327075,0.419591855596
Vocabulary,length_band,Q4,955,0.418848167539,0.59057591623,0.59057591623,0.99057591623,0.549742719794,0.550002031227
Vocabulary,prompt,Afterschool homework club,54,0.462962962963,0.537037037037,0.537037037037,1,0.393530997305,0.398000908678
Vocabulary,prompt,Being busy,204,0.455882352941,0.549019607843,0.549019607843,0.995098039216,0.511198547215,0.512426364625
Vocabulary,prompt,Benefits of a good attitude,30,0.5,0.566666666667,0.566666666667,0.933333333333,0.133738601824,0.137715179969
Vocabulary,prompt,Benefits of a problem,33,0.272727272727,0.727272727273,0.727272727273,1,0.641737032569,0.648780487805
Vocabulary,prompt,Career commitment,222,0.522522522523,0.490990990991,0.490990990991,0.986486486486,0.362219187114,0.363262799924
Vocabulary,prompt,Cell phones at school,43,0.488372093023,0.53488372093,0.53488372093,0.976744186047,0.438387279955,0.44418872267
Vocabulary,prompt,Cell phones in classrooms,59,0.457627118644,0.542372881356,0.542372881356,1,0.591643168418,0.595766649458
Vocabulary,prompt,Community service,43,0.186046511628,0.813953488372,0.813953488372,1,0.753228120516,0.757575757576
Vocabulary,prompt,Controlling extracurricular involvement,52,0.384615384615,0.634615384615,0.634615384615,0.980769230769,0.496921723835,0.501776198934
Vocabulary,prompt,Creative arts requirement,51,0.529411764706,0.470588235294,0.470588235294,1,0.503067484663,0.508017492711
Vocabulary,prompt,Curfews for teenagers,54,0.425925925926,0.574074074074,0.574074074074,1,0.481203007519,0.485870940531
Vocabulary,prompt,Distance learning,280,0.414285714286,0.589285714286,0.589285714286,0.996428571429,0.497566909976,0.498461350964
Vocabulary,prompt,Enjoyable educational activities,57,0.473684210526,0.543859649123,0.543859649123,0.982456140351,0.391608391608,0.395833333333
Vocabulary,prompt,Extended school day,88,0.420454545455,0.579545454545,0.579545454545,1,0.433147632312,0.435955843701
Vocabulary,prompt,First impressions,168,0.458333333333,0.571428571429,0.571428571429,0.970238095238,0.498696666209,0.500189204995
Vocabulary,prompt,Four-day work week,134,0.410447761194,0.589552238806,0.589552238806,1,0.491513729819,0.493385968557
Vocabulary,prompt,Future accomplishments,33,0.515151515152,0.484848484848,0.484848484848,1,0.47619047619,0.483870967742
Vocabulary,prompt,Grades for extracurricular activities,37,0.324324324324,0.702702702703,0.702702702703,0.972972972973,0.420581655481,0.427272727273
Vocabulary,prompt,Honesty,29,0.551724137931,0.48275862069,0.48275862069,0.965517241379,0.0842105263158,0.0869565217391
Vocabulary,prompt,Imagination,55,0.4,0.6,0.6,1,0.599867724868,0.604263824117
Vocabulary,prompt,Impact of technology,174,0.494252873563,0.528735632184,0.528735632184,0.977011494253,0.432438059546,0.433853223785
Vocabulary,prompt,Individuality,143,0.461538461538,0.552447552448,0.552447552448,0.986013986014,0.528319668269,0.530068078669
Vocabulary,prompt,Influences of character,90,0.377777777778,0.622222222222,0.622222222222,1,0.534246575342,0.537025703794
Vocabulary,prompt,Influencing behavior,62,0.435483870968,0.564516129032,0.564516129032,1,0.630136986301,0.633918648589
Vocabulary,prompt,Internships and shadowing,55,0.454545454545,0.563636363636,0.563636363636,0.981818181818,0.580863674852,0.585324232082
Vocabulary,prompt,Learning from the experience of others,30,0.6,0.4,0.4,1,0.126213592233,0.13
Vocabulary,prompt,Lessons with elementary school students,38,0.368421052632,0.657894736842,0.657894736842,0.973684210526,0.458110516934,0.464737793852
Vocabulary,prompt,Letter to employer,44,0.386363636364,0.613636363636,0.613636363636,1,0.483425414365,0.489168413697
Vocabulary,prompt,Lunch menus,92,0.565217391304,0.445652173913,0.445652173913,0.989130434783,0.406167822137,0.408806544755
Vocabulary,prompt,Mandatory extracurricular activities,42,0.428571428571,0.571428571429,0.571428571429,1,0.376237623762,0.381909547739
Vocabulary,prompt,Places to visit,42,0.380952380952,0.619047619048,0.619047619048,1,0.463258785942,0.46925566343
Vocabulary,prompt,Positive attitudes,175,0.451428571429,0.56,0.56,0.988571428571,0.479372020503,0.480802415876
Vocabulary,prompt,Praising student work,56,0.553571428571,0.446428571429,0.446428571429,1,0.44358974359,0.448041437358
Vocabulary,prompt,Seeking multiple opinions,50,0.34,0.66,0.66,1,0.559585492228,0.564558285416
Vocabulary,prompt,Self-reliance,130,0.423076923077,0.576923076923,0.576923076923,1,0.568497284249,0.570390554042
Vocabulary,prompt,Setting our aim,26,0.423076923077,0.576923076923,0.576923076923,1,0.738574040219,0.746075715605
Vocabulary,prompt,Spending time outdoors,54,0.481481481481,0.518518518519,0.518518518519,1,0.323047251688,0.3271484375
Vocabulary,prompt,Success and failure,212,0.382075471698,0.622641509434,0.622641509434,0.995283018868,0.468205996132,0.469383426754
Vocabulary,prompt,Talents and skills,42,0.52380952381,0.47619047619,0.47619047619,1,0.400778210117,0.406578947368
Vocabulary,prompt,Three-year high school program,147,0.374149659864,0.639455782313,0.639455782313,0.986394557823,0.598787990933,0.600426755729
Vocabulary,prompt,Trying something beyond what you have mastered,167,0.37125748503,0.634730538922,0.634730538922,0.994011976048,0.486400768861,0.487901282175
Vocabulary,prompt,Working with a group or alone,131,0.465648854962,0.541984732824,0.541984732824,0.992366412214,0.409867715409,0.41172245367
Vocabulary,prompt,Year-round school,65,0.523076923077,0.492307692308,0.492307692308,0.984615384615,0.498929336188,0.502805351748
Grammar,split,model_train,3050,0.522295081967,0.504262295082,0.504262295082,0.973442622951,0.545554726749,0.545636025671
Grammar,split,validation,762,0.536745406824,0.488188976378,0.488188976378,0.975065616798,0.513990394356,0.514318430705
Grammar,score_band,high_4_to_5,601,0.297836938436,0.743760399334,0.743760399334,0.95840266223,0.0246617862787,0.0247018739353
Grammar,score_band,low_1_to_2.5,1384,0.632225433526,0.381502890173,0.381502890173,0.986271676301,-0.332295831435,-0.33261602142
Grammar,score_band,middle_3_to_3.5,1827,0.518883415435,0.511767925561,0.511767925561,0.969348659004,-0.36981708611,-0.370094569341
Grammar,length_band,Q1,945,0.525925925926,0.50582010582,0.50582010582,0.968253968254,0.506639347566,0.506903989347
Grammar,length_band,Q2,951,0.543638275499,0.485804416404,0.485804416404,0.970557308097,0.522219913356,0.522482407247
Grammar,length_band,Q3,961,0.5098855359,0.514047866805,0.514047866805,0.976066597294,0.53548000772,0.535738968658
Grammar,length_band,Q4,955,0.521465968586,0.498429319372,0.498429319372,0.980104712042,0.572639154429,0.572895524183
Grammar,prompt,Afterschool homework club,54,0.611111111111,0.425925925926,0.425925925926,0.962962962963,0.340594059406,0.344804543936
Grammar,prompt,Being busy,204,0.485294117647,0.53431372549,0.53431372549,0.980392156863,0.575792910448,0.576992735983
Grammar,prompt,Benefits of a good attitude,30,0.733333333333,0.333333333333,0.333333333333,0.933333333333,0.163090128755,0.167770419426
Grammar,prompt,Benefits of a problem,33,0.484848484848,0.515151515152,0.515151515152,1,0.637860082305,0.644937586685
Grammar,prompt,Career commitment,222,0.594594594595,0.432432432432,0.432432432432,0.972972972973,0.424311183144,0.425414364641
Grammar,prompt,Cell phones at school,43,0.46511627907,0.627906976744,0.627906976744,0.906976744186,0.51724137931,0.523114355231
Grammar,prompt,Cell phones in classrooms,59,0.474576271186,0.542372881356,0.542372881356,0.983050847458,0.660659509202,0.664481295796
Grammar,prompt,Community service,43,0.581395348837,0.46511627907,0.46511627907,0.953488372093,0.470038249044,0.475903614458
Grammar,prompt,Controlling extracurricular involvement,52,0.519230769231,0.5,0.5,0.980769230769,0.504599211564,0.509452736318
Grammar,prompt,Creative arts requirement,51,0.549019607843,0.490196078431,0.490196078431,0.960784313725,0.503347534997,0.508297480025
Grammar,prompt,Curfews for teenagers,54,0.5,0.555555555556,0.555555555556,0.944444444444,0.534725848564,0.53937318936
Grammar,prompt,Distance learning,280,0.528571428571,0.507142857143,0.507142857143,0.964285714286,0.513214810522,0.514108597848
Grammar,prompt,Enjoyable educational activities,57,0.578947368421,0.438596491228,0.438596491228,0.982456140351,0.461538461538,0.465940054496
Grammar,prompt,Extended school day,88,0.590909090909,0.431818181818,0.431818181818,0.977272727273,0.493421052632,0.496277915633
Grammar,prompt,First impressions,168,0.482142857143,0.535714285714,0.535714285714,0.982142857143,0.596777753255,0.598213544979
Grammar,prompt,Four-day work week,134,0.5,0.514925373134,0.514925373134,0.985074626866,0.507097710082,0.508969892361
Grammar,prompt,Future accomplishments,33,0.575757575758,0.454545454545,0.454545454545,0.969696969697,0.395815170009,0.403197158082
Grammar,prompt,Grades for extracurricular activities,37,0.378378378378,0.648648648649,0.648648648649,0.972972972973,0.50084317032,0.507692307692
Grammar,prompt,Honesty,29,0.827586206897,0.310344827586,0.310344827586,0.862068965517,0.137546468401,0.141762452107
Grammar,prompt,Imagination,55,0.6,0.4,0.4,1,0.502057613169,0.506644518272
Grammar,prompt,Impact of technology,174,0.48275862069,0.534482758621,0.534482758621,0.98275862069,0.611915146709,0.613282996374
Grammar,prompt,Individuality,143,0.468531468531,0.531468531469,0.531468531469,1,0.593836110051,0.595527591191
Grammar,prompt,Influences of character,90,0.655555555556,0.355555555556,0.355555555556,0.988888888889,0.406486486486,0.409184894983
Grammar,prompt,Influencing behavior,62,0.403225806452,0.612903225806,0.612903225806,0.983870967742,0.676208897485,0.679758895586
Grammar,prompt,Internships and shadowing,55,0.527272727273,0.490909090909,0.490909090909,0.981818181818,0.649537512847,0.653702937526
Grammar,prompt,Learning from the experience of others,30,0.666666666667,0.4,0.4,0.933333333333,0.240506329114,0.246753246753
Grammar,prompt,Lessons with elementary school students,38,0.684210526316,0.421052631579,0.421052631579,0.894736842105,0.17496807152,0.178851174935
Grammar,prompt,Letter to employer,44,0.340909090909,0.659090909091,0.659090909091,1,0.609929078014,0.615384615385
Grammar,prompt,Lunch menus,92,0.54347826087,0.510869565217,0.510869565217,0.945652173913,0.52380952381,0.526534859521
Grammar,prompt,Mandatory extracurricular activities,42,0.52380952381,0.5,0.5,0.97619047619,0.489361702128,0.495384615385
Grammar,prompt,Places to visit,42,0.428571428571,0.595238095238,0.595238095238,0.97619047619,0.53642384106,0.542410714286
Grammar,prompt,Positive attitudes,175,0.525714285714,0.485714285714,0.485714285714,0.988571428571,0.578143832865,0.57954087797
Grammar,prompt,Praising student work,56,0.553571428571,0.464285714286,0.464285714286,0.982142857143,0.611764705882,0.616035540512
Grammar,prompt,Seeking multiple opinions,50,0.36,0.64,0.64,1,0.642857142857,0.647482014388
Grammar,prompt,Self-reliance,130,0.538461538462,0.492307692308,0.492307692308,0.969230769231,0.499852027227,0.501782531194
Grammar,prompt,Setting our aim,26,0.538461538462,0.5,0.5,0.961538461538,0.641379310345,0.65034965035
Grammar,prompt,Spending time outdoors,54,0.444444444444,0.574074074074,0.574074074074,0.981481481481,0.535714285714,0.54036024016
Grammar,prompt,Success and failure,212,0.518867924528,0.495283018868,0.495283018868,0.985849056604,0.477832512315,0.479012345679
Grammar,prompt,Talents and skills,42,0.404761904762,0.595238095238,0.595238095238,1,0.591065292096,0.596876807403
Grammar,prompt,Three-year high school program,147,0.517006802721,0.52380952381,0.52380952381,0.959183673469,0.595598349381,0.59724137931
Grammar,prompt,Trying something beyond what you have mastered,167,0.532934131737,0.491017964072,0.491017964072,0.976047904192,0.443734761856,0.445217750827
Grammar,prompt,Working with a group or alone,131,0.519083969466,0.511450381679,0.511450381679,0.969465648855,0.533851484221,0.535757917489
Grammar,prompt,Year-round school,65,0.661538461538,0.384615384615,0.384615384615,0.953846153846,0.530028036004,0.5338882283
