target,variant,overall_mae,overall_mae_change,macro_band_mae,macro_band_mae_improvement_fraction,max_tail_absolute_bias,max_tail_bias_reduction_fraction,maximum_band_mae_increase,improved_folds,overall_mae_pass,macro_band_mae_pass,tail_bias_pass,group_degradation_pass,fold_consistency_pass,all_acceptance_rules_pass
Vocabulary,ridge_baseline,0.372441313687,-0.000175729559351,0.478112307025,0.0184490864184,0.620687158806,0.0118220202319,0.00995278127789,3,True,False,False,True,False,False
Vocabulary,ridge_weighted,0.37765003883,0.0050329955832,0.46359103598,0.0482608412117,0.558182674606,0.11133359228,0.0392289870195,2,False,False,False,True,False,False
Vocabulary,rf_weighted,0.375941252358,0.00332420911144,0.46926992297,0.0366022483858,0.57537431987,0.0839632736837,0.0285920016482,1,True,False,False,True,False,False
Vocabulary,rf_absolute_error,0.372634972678,1.79294310672e-05,0.511123402927,-0.0493217508188,0.709033333333,-0.12883135567,0.0793771852856,1,True,False,False,False,False,False
Vocabulary,rf_absolute_error_weighted,0.375134699454,0.00251765620702,0.471355501801,0.0323206146004,0.598269565217,0.0475124192184,0.0238606317448,1,True,False,False,True,False,False
Vocabulary,huber,0.372336802866,-0.000280240380069,0.479156808011,0.0163047557202,0.631589178392,-0.00553476818736,0.00818969332656,3,True,False,False,True,False,False
Vocabulary,ordinal_logistic,0.366555635719,-0.00606140752751,0.466911391066,0.0414442470351,0.592889911671,0.0560772092228,0.0105187010675,4,True,False,False,True,True,False
Vocabulary,rf_linear_calibrated,0.372675699026,5.86557795646e-05,0.477266666613,0.0201851620362,0.608455031125,0.0312964350783,0.011609587418,2,True,False,False,True,False,False
Vocabulary,rf_isotonic_calibrated,0.374373387047,0.00175634380037,0.47786220227,0.0189625443378,0.604894216717,0.0369655041707,0.0145666411436,2,True,False,False,True,False,False
Grammar,ridge_baseline,0.463644100017,0.00595000811124,0.546278708818,-0.0262089206099,0.812944683466,-0.0438727424754,0.033159292802,1,False,False,False,True,False,False
Grammar,ridge_weighted,0.467963208782,0.0102691168755,0.531875323759,0.000848480668775,0.718595776453,0.0772772623352,0.0730952642923,1,False,False,False,False,False,False
Grammar,rf_weighted,0.459344186065,0.00165009415858,0.51937335907,0.0243339789723,0.706688113929,0.0925674593046,0.0176158695369,1,True,False,False,True,False,False
Grammar,rf_absolute_error,0.453664480874,-0.00402961103168,0.532388255684,-0.00011508483138,0.799889779559,-0.0271094145135,0.0204884904317,3,True,False,False,True,False,False
Grammar,rf_absolute_error_weighted,0.45961010929,0.00191601738362,0.516147541688,0.0303938208083,0.698261523046,0.10338773861,0.0322937843345,1,True,False,False,True,False,False
Grammar,huber,0.464021933703,0.00632784179695,0.547688459388,-0.0288571999364,0.820499174371,-0.0535731898726,0.0407137837068,1,False,False,False,True,False,False
Grammar,ordinal_logistic,0.451838385623,-0.00585570628315,0.524172842118,0.0153179359911,0.764022073908,0.0189470036242,-0.000382281801257,5,True,False,False,True,True,False
Grammar,rf_linear_calibrated,0.456824767454,-0.000869324452181,0.527986359738,0.00815407304504,0.764160199678,0.0187696413389,0.00957407295091,5,True,False,False,True,True,False
Grammar,rf_isotonic_calibrated,0.457979154465,0.000285062559446,0.528808325681,0.00660997335742,0.757382701766,0.0274723802546,0.00727712892986,2,True,False,False,True,False,False
