target,variant,score_band,n_samples,mae,signed_bias,within_0_5_points_rate,within_1_0_point_rate
Vocabulary,ridge_baseline,low,526,0.566834614392,0.538880476895,0.45247148289,0.914448669202
Vocabulary,ridge_baseline,middle,1949,0.246708277462,0.0372503272234,0.909697280657,0.999486916367
Vocabulary,ridge_baseline,high,575,0.620794029222,-0.620687158806,0.379130434783,0.902608695652
Vocabulary,ridge_weighted,low,526,0.55233874605,0.492455527563,0.484790874525,0.903041825095
Vocabulary,ridge_weighted,middle,1949,0.275984483204,0.0470326855574,0.854797331965,0.997947665469
Vocabulary,ridge_weighted,high,575,0.562449878686,-0.558182674606,0.455652173913,0.913043478261
Vocabulary,rf_baseline,low,526,0.593174717449,0.5919757782,0.395437262357,0.904942965779
Vocabulary,rf_baseline,middle,1949,0.236755496184,0.0310754288671,0.909184197024,0.999486916367
Vocabulary,rf_baseline,high,575,0.631366292975,-0.628112720091,0.361739130435,0.890434782609
Vocabulary,rf_weighted,low,526,0.560352233716,0.556524908212,0.469581749049,0.891634980989
Vocabulary,rf_weighted,middle,1949,0.265347497832,0.0356191262149,0.864032837352,0.998460749102
Vocabulary,rf_weighted,high,575,0.58211003736,-0.57537431987,0.445217391304,0.886956521739
Vocabulary,rf_absolute_error,low,526,0.615207541191,0.614960392902,0.351711026616,0.912547528517
Vocabulary,rf_absolute_error,middle,1949,0.207419189328,-0.00732512399521,0.945100051308,1
Vocabulary,rf_absolute_error,high,575,0.710743478261,-0.709033333333,0.266086956522,0.869565217391
Vocabulary,rf_absolute_error_weighted,low,526,0.551305449937,0.547696451204,0.479087452471,0.908745247148
Vocabulary,rf_absolute_error_weighted,middle,1949,0.260616127929,0.0155785017958,0.872242175475,0.999486916367
Vocabulary,rf_absolute_error_weighted,high,575,0.602144927536,-0.598269565217,0.412173913043,0.873043478261
Vocabulary,huber,low,526,0.560672152333,0.530955445278,0.461977186312,0.91825095057
Vocabulary,huber,middle,1949,0.244945189511,0.0269861221455,0.910723447922,0.999486916367
Vocabulary,huber,high,575,0.63185308219,-0.631589178392,0.358260869565,0.900869565217
Vocabulary,ordinal_logistic,low,526,0.554738932023,0.537909941592,0.467680608365,0.912547528517
Vocabulary,ordinal_logistic,middle,1949,0.247274197252,0.0290345473099,0.895844022576,0.998973832735
Vocabulary,ordinal_logistic,high,575,0.598721043923,-0.592889911671,0.405217391304,0.913043478261
Vocabulary,rf_linear_calibrated,low,526,0.568933525461,0.565787440932,0.431558935361,0.906844106464
Vocabulary,rf_linear_calibrated,middle,1949,0.248365083602,0.0271146811093,0.894304771678,0.998460749102
Vocabulary,rf_linear_calibrated,high,575,0.614501390777,-0.608455031125,0.393043478261,0.890434782609
Vocabulary,rf_isotonic_calibrated,low,526,0.567144594117,0.562452582714,0.423954372624,0.906844106464
Vocabulary,rf_isotonic_calibrated,middle,1949,0.251322137328,0.027276381249,0.903540277065,0.996921498204
Vocabulary,rf_isotonic_calibrated,high,575,0.615119875367,-0.604894216717,0.39652173913,0.897391304348
Grammar,ridge_baseline,low,1108,0.547182818592,0.473330418038,0.471119133574,0.897111913357
Grammar,ridge_baseline,middle,1443,0.278708624396,-0.0820843399626,0.864171864172,0.991683991684
Grammar,ridge_baseline,high,499,0.812944683466,-0.812944683466,0.130260521042,0.751503006012
Grammar,ridge_weighted,low,1108,0.587600229244,0.497747648526,0.440433212996,0.862815884477
Grammar,ridge_weighted,middle,1443,0.289429965579,-0.0140010692946,0.835065835066,0.989604989605
Grammar,ridge_weighted,high,499,0.718595776453,-0.718595776453,0.25250501002,0.843687374749
Grammar,rf_baseline,low,1108,0.514504964952,0.494561632349,0.539711191336,0.90523465704
Grammar,rf_baseline,middle,1443,0.30269062315,-0.103382528905,0.804573804574,0.993762993763
Grammar,rf_baseline,high,499,0.779785390664,-0.778777575452,0.214428857715,0.759519038076
Grammar,rf_weighted,low,1108,0.532120834489,0.510805230663,0.521660649819,0.885379061372
Grammar,rf_weighted,middle,1443,0.317199428777,-0.0583810394111,0.780318780319,0.991683991684
Grammar,rf_weighted,high,499,0.708799813943,-0.706688113929,0.314629258517,0.813627254509
Grammar,rf_absolute_error,low,1108,0.494249398315,0.476511732852,0.555054151625,0.914259927798
Grammar,rf_absolute_error,middle,1443,0.302641487641,-0.123284823285,0.796950796951,0.99306999307
Grammar,rf_absolute_error,high,499,0.800273881096,-0.799889779559,0.194388777555,0.753507014028
Grammar,rf_absolute_error_weighted,low,1108,0.513813929001,0.49411477136,0.537003610108,0.881768953069
Grammar,rf_absolute_error_weighted,middle,1443,0.334984407484,-0.0640338415338,0.746361746362,0.988911988912
Grammar,rf_absolute_error_weighted,high,499,0.699644288577,-0.698261523046,0.362725450902,0.809619238477
Grammar,huber,low,1108,0.540672305348,0.459595023568,0.477436823105,0.898916967509
Grammar,huber,middle,1443,0.281893898446,-0.0905764586563,0.858627858628,0.990297990298
Grammar,huber,high,499,0.820499174371,-0.820499174371,0.122244488978,0.745490981964
Grammar,ordinal_logistic,low,1108,0.505814872358,0.461240023758,0.529783393502,0.91155234657
Grammar,ordinal_logistic,middle,1443,0.302308341349,-0.0901265866685,0.825363825364,0.99306999307
Grammar,ordinal_logistic,high,499,0.764395312647,-0.764022073908,0.216432865731,0.781563126253
Grammar,rf_linear_calibrated,low,1108,0.505980438567,0.47865083349,0.548736462094,0.901624548736
Grammar,rf_linear_calibrated,middle,1443,0.312264696101,-0.101714309528,0.787941787942,0.990990990991
Grammar,rf_linear_calibrated,high,499,0.765713944545,-0.764160199678,0.238476953908,0.769539078156
Grammar,rf_isotonic_calibrated,low,1108,0.513301805602,0.472330331825,0.550541516245,0.895306859206
Grammar,rf_isotonic_calibrated,middle,1443,0.30996775208,-0.096946640328,0.799722799723,0.98613998614
Grammar,rf_isotonic_calibrated,high,499,0.763155419362,-0.757382701766,0.246492985972,0.769539078156
