target,variant,n_samples,mae,rmse,r2,mean_bias,within_0_5_points_rate,within_1_0_point_rate,calibration_slope,prediction_standard_deviation,human_standard_deviation,fold_mean_mae,fold_mae_ci95_lower,fold_mae_ci95_upper
Vocabulary,ridge_baseline,3050,0.372441313687,0.471125705891,0.355131274336,-0.00027642547804,0.730819672131,0.966557377049,1.01300133014,0.345217420527,0.586776011775,0.372440817299,0.362946358917,0.381935275681
Vocabulary,ridge_weighted,3050,0.37765003883,0.475291427799,0.343676920855,0.00975189303313,0.715737704918,0.965573770492,0.854152186888,0.408895261143,0.586776011775,0.377650217987,0.364298276049,0.391002159925
Vocabulary,rf_baseline,3050,0.372617043247,0.474572180518,0.345661814268,0.00353457578455,0.71737704918,0.96262295082,1.09185075591,0.317102563756,0.586776011775,0.372616133777,0.360145574468,0.385086693085
Vocabulary,rf_weighted,3050,0.375941252358,0.47550488173,0.343087277567,0.0102667359958,0.717049180328,0.959016393443,0.932799950274,0.369581138122,0.586776011775,0.375941807134,0.365048197067,0.386835417202
Vocabulary,rf_absolute_error,3050,0.372634972678,0.487209821161,0.310348347041,-0.0322956284153,0.714754098361,0.960327868852,1.26064777579,0.26631783512,0.586776011775,0.372634621566,0.359290136166,0.385979106965
Vocabulary,rf_absolute_error_weighted,3050,0.375134699454,0.477126552914,0.33859894095,-0.00837841530055,0.717704918033,0.96,0.941492379945,0.363470610221,0.586776011775,0.375136435352,0.362497490748,0.387775379955
Vocabulary,huber,3050,0.372336802866,0.471755840979,0.353405084671,-0.0102574627205,0.729180327869,0.966885245902,1.01440918445,0.344054418212,0.586776011775,0.372336761404,0.362907030049,0.381766492759
Vocabulary,ordinal_logistic,3050,0.366555635719,0.46568468486,0.369940413584,-0.000453356467608,0.729508196721,0.967868852459,0.988939762294,0.360907505646,0.586776011775,0.366556037155,0.356305304704,0.376806769605
Vocabulary,rf_linear_calibrated,3050,0.372675699026,0.473707465387,0.348044173236,0.000193135906755,0.72,0.962295081967,1.00598014563,0.344118377546,0.586776011775,0.372675642602,0.3600022536,0.385349031604
Vocabulary,rf_isotonic_calibrated,3050,0.374373387047,0.47567224077,0.342624781244,0.00039263965569,0.725245901639,0.96262295082,0.974668920232,0.352510148409,0.586776011775,0.374373608854,0.362409461648,0.38633775606
Grammar,ridge_baseline,3050,0.463644100017,0.577230442747,0.331327668712,0.000112460187179,0.60131147541,0.918032786885,0.986267561458,0.412088011333,0.706014723965,0.463645421396,0.434607840937,0.492683001854
Grammar,ridge_weighted,3050,0.467963208782,0.582401306951,0.319293997862,0.0566300193851,0.596393442623,0.919672131148,0.883285039427,0.460221208529,0.706014723965,0.467964845998,0.443354368018,0.492575323979
Grammar,rf_baseline,3050,0.457694091906,0.572443032338,0.342373287982,0.00333878337101,0.611803278689,0.923278688525,1.04773363812,0.394710045151,0.706014723965,0.457693792095,0.426710000762,0.488677583429
Grammar,rf_weighted,3050,0.459344186065,0.573788293076,0.339278765525,0.0423249137223,0.610163934426,0.92393442623,0.96263702577,0.429779541483,0.706014723965,0.459343354977,0.432304589954,0.48638212
Grammar,rf_absolute_error,3050,0.453664480874,0.573054762989,0.340967015762,-0.0160885245902,0.610491803279,0.925245901639,1.05143254431,0.392861358767,0.706014723965,0.453666917479,0.418257624747,0.489076210211
Grammar,rf_absolute_error_weighted,3050,0.45961010929,0.576896701687,0.332100666399,0.0349658469945,0.607540983607,0.920655737705,0.912128878617,0.449795928937,0.706014723965,0.459610869485,0.429994912786,0.489226826183
Grammar,huber,3050,0.464021933703,0.577729987076,0.33016980875,-0.0101310267996,0.599672131148,0.917049180328,0.97219278429,0.417583368168,0.706014723965,0.464023159673,0.434667524939,0.493378794407
Grammar,ordinal_logistic,3050,0.451838385623,0.563440103814,0.362895886647,-8.05682356809e-05,0.618360655738,0.928852459016,1.0091887518,0.421454204181,0.706014723965,0.451838850681,0.421315146176,0.482362555187
Grammar,rf_linear_calibrated,3050,0.456824767454,0.572041614106,0.343295268964,0.00073948695678,0.611147540984,0.922295081967,0.997465856823,0.414716891438,0.706014723965,0.456824382947,0.426015565443,0.487633200451
Grammar,rf_isotonic_calibrated,3050,0.457979154465,0.573685667123,0.339515093393,0.00180788114347,0.61868852459,0.917704918033,0.963893861313,0.427093720262,0.706014723965,0.457978866697,0.429708838349,0.486248895045
