candidate_id,model,task,split,source_text,control,model_output,expected_level,predicted_level,automatic_reasons,automatic_metrics,candidate_source,review_status,human_verdict,failure_category,reviewer,reviewer_notes,reviewed_at
710f60127847230f,model3a,example_generation,test,"Now lets tempt four-year-olds, giving them a treat.",word=treat;level=A1,And I 'm going to treat you.,A1,A2,cefr_mismatch,"{""lexical_constraint_satisfied"": true}",held_out_test_metadata_sample,reviewed,acceptable,other,reviewer_lead,Fluent sentence containing target word; CEFR within 1 level margin.,2026-08-27T17:19:05.168007+00:00
0db97fcc5b580ef0,model3a,example_generation,test,The West may collapse very suddenly.,word=collapse;level=B1,"And I 'm not going to tell you, but I think it 's a great idea.",B1,A2,cefr_mismatch|lexical_constraint,"{""lexical_constraint_satisfied"": false}",held_out_test_metadata_sample,reviewed,failure,lexical_constraint,reviewer_lead,Target word collapse is omitted.,2026-08-27T17:19:05.183698+00:00
d6c842c38b268ae7,model3a,example_generation,test,Boy: The World Peace Game is serious.,word=world;level=A1,And I 'm not going to tell you about the world.,A1,A2,cefr_mismatch,"{""lexical_constraint_satisfied"": true}",held_out_test_metadata_sample,reviewed,acceptable,other,reviewer_lead,Fluent example with target word satisfied.,2026-08-27T17:19:05.195632+00:00
044af85ebadd2999,model3a,example_generation,test,"This is in 13 hospitals in four countries, and since 2010, we 've done well over 2,000 surgeries with no clinically adverse events.",word=clinically;level=B2,"And it 's not just a case of a disease, but a clinical case of the disease.",B2,B1,cefr_mismatch|lexical_constraint,"{""lexical_constraint_satisfied"": false}",held_out_test_metadata_sample,reviewed,failure,lexical_constraint,reviewer_lead,Inflected form mismatch: clinical instead of clinically.,2026-08-27T17:19:05.208518+00:00
5146061e19d8d18f,model3a,example_generation,test,"It stands to reason that we, existing in this world, should in the course of our lives absorb intuitively those relationships.",word=absorb;level=B2,"And I 'm going to ask you, "" What do you do to absorb this? """,B2,B1,cefr_mismatch,"{""lexical_constraint_satisfied"": true}",held_out_test_metadata_sample,reviewed,acceptable,other,reviewer_lead,Target word satisfied and fluent.,2026-08-27T17:19:05.220660+00:00
88fb2951f4989a47,model3a,example_generation,test,"It 's a wonderful, amazing thing.",word=wonderful;level=B1,And it 's wonderful.,B1,A1,cefr_mismatch,"{""lexical_constraint_satisfied"": true}",held_out_test_metadata_sample,reviewed,acceptable,other,reviewer_lead,Simple valid sentence with target word.,2026-08-27T17:19:05.232657+00:00
6cb8e72bc058bf60,model3a,example_generation,test,And that amazes me.,word=amazes;level=A2,And it 's amazing.,A2,A2,lexical_constraint,"{""lexical_constraint_satisfied"": false}",held_out_test_metadata_sample,reviewed,failure,lexical_constraint,reviewer_lead,Inflected form mismatch: amazing instead of amazes.,2026-08-27T17:19:05.244147+00:00
cee0ca7353b64953,model3a,example_generation,test,I never saw anybody to tell my story to them so they could advise me or do therapy.,word=therapy;level=B1,"And I 'm going to tell you, "" I can 't do that, but I can do it. """,B1,A2,cefr_mismatch|lexical_constraint,"{""lexical_constraint_satisfied"": false}",held_out_test_metadata_sample,reviewed,failure,lexical_constraint,reviewer_lead,Target word therapy omitted.,2026-08-27T17:19:05.258205+00:00
b4ebfe7db8a39b01,model3a,example_generation,test,I have an aunt who is a wonderful storyteller.,word=wonderful;level=B1,And it 's wonderful.,B1,A1,cefr_mismatch,"{""lexical_constraint_satisfied"": true}",held_out_test_metadata_sample,reviewed,acceptable,other,reviewer_lead,Valid sentence with target word.,2026-08-27T17:19:05.271736+00:00
86783f5e4d086b56,model3a,example_generation,test,But that was my first real experience as a solo singer-songwriter.,word=experience;level=B1,And I 'm not going to tell you how to do this.,B1,A2,cefr_mismatch|lexical_constraint,"{""lexical_constraint_satisfied"": false}",held_out_test_metadata_sample,reviewed,failure,lexical_constraint,reviewer_lead,Target word experience omitted.,2026-08-27T17:19:05.283465+00:00
470a7febdacd8d74,model3a,example_generation,test,It 's actually a story in which our acts themselves are pushing the story in a particular way.,word=particular;level=B2,And it 's a very important part of the process.,B2,A2,cefr_mismatch|lexical_constraint,"{""lexical_constraint_satisfied"": false}",held_out_test_metadata_sample,reviewed,failure,lexical_constraint,reviewer_lead,Target word particular omitted.,2026-08-27T17:19:05.297724+00:00
d6d874b30f9b5896,model3a,example_generation,test,"I collected my findings in a book, placed them chronologically, stating the name, the patron, the medium and the date.",word=medium;level=B2,"And we 're going to use the medium to create a new medium, and we can use it to create the new medium.",B2,B1,cefr_mismatch,"{""lexical_constraint_satisfied"": true}",held_out_test_metadata_sample,reviewed,failure,repetition,reviewer_lead,Degenerate repetition loop of the word medium.,2026-08-27T17:19:05.311389+00:00
d8fbb648411d1083,model3a,example_generation,test,"The instruments are loud enough that they can be heard without amplification, etc., etc.",word=loud;level=C1,"And I 'm a little bit nervous, but it 's a bit loud.",C1,A2,cefr_mismatch,"{""lexical_constraint_satisfied"": true}",held_out_test_metadata_sample,reviewed,acceptable,other,reviewer_lead,Fluent sentence containing target word.,2026-08-27T17:19:05.323721+00:00
39c1260998443766,model3a,example_generation,test,"And more recently, we 've been studying resins that bees collect from plants.",word=recently;level=B1,And it 's actually a lot more interesting than that.,B1,B1,lexical_constraint,"{""lexical_constraint_satisfied"": false}",held_out_test_metadata_sample,reviewed,failure,lexical_constraint,reviewer_lead,Target word recently omitted.,2026-08-27T17:19:05.337491+00:00
b44c075503c1ae12,model3a,example_generation,test,"Dai Manju was in sixth grade when her parents said, "" We 're going to pull you out of school because the 13-dollar school fees are too much for us.",word=grade;level=B2,"And I 'm going to give you a little bit of a grade, and I will give you an example.",B2,A2,cefr_mismatch,"{""lexical_constraint_satisfied"": true}",held_out_test_metadata_sample,reviewed,failure,fluency,reviewer_lead,Unnatural collocations with target word.,2026-08-27T17:19:05.350429+00:00
46bd6a303d489e8b,model3a,example_generation,test,"It has the chemical sequences of amino acids, which says, "" This is how to build the structure.",word=structure;level=B1,And I 'm not going to tell you how to do this.,B1,A2,cefr_mismatch|lexical_constraint,"{""lexical_constraint_satisfied"": false}",held_out_test_metadata_sample,reviewed,failure,lexical_constraint,reviewer_lead,Target word structure omitted.,2026-08-27T17:19:05.362272+00:00
54e56125491f1150,model3b,simplify,test,"They run 20 hours a day, 364 days a year, with 95% of them operational at any one time, and can cope with 13,000 passengers per hour.",target_level=A2,"They run 20 hours a day, 364 days a year, with 95% of them operating at any time. They can cope with 13,000 passengers per hour.",A2,B1,cefr_mismatch,"{""rewrite_changed"": true, ""sari"": 33.03, ""semantic_tfidf_cosine"": 0.8195}",held_out_test_metadata_sample,reviewed,acceptable,other,reviewer_lead,Good simplification by splitting sentence and substituting operating.,2026-08-27T17:19:05.374661+00:00
61a701f09c40eafb,model3b,simplify,test,"Tropical storms in Arizona are infrequent, since the predominant storm track carries most storms that form in the Eastern Pacific either parallel or away from the Pacific coast of northwestern Mexico.",target_level=B1,"Tropical storms in Arizona are infrequent, since the main storm track carries most storms that form in the Eastern Pacific either parallel or away from the Pacific coast of northwestern Mexico.",B1,C1,cefr_mismatch,"{""rewrite_changed"": true, ""sari"": 63.89, ""semantic_tfidf_cosine"": 0.9427}",held_out_test_metadata_sample,reviewed,acceptable,other,reviewer_lead,Accurate lexical simplification from predominant to main.,2026-08-27T17:19:05.387007+00:00
f3608c8aa7a03400,model3b,simplify,test,Career Berzelius was born at Väversunda in Östergötland in Sweden.,target_level=A2,Berzelius was born at Väversunda in stergötland in Sweden.,A2,C1,cefr_mismatch|low_sari|low_semantic_similarity,"{""rewrite_changed"": true, ""sari"": 27.15, ""semantic_tfidf_cosine"": 0.6952}",held_out_test_metadata_sample,reviewed,failure,fluency,reviewer_lead,Unicode character corruption (stergötland).,2026-08-27T17:19:05.399728+00:00
10648dd3e7d57ea6,model3b,preserve,test,"The series premiered August 20, 2007 on Nick Jr. and began broadcasting February 23, 2008 on Noggin.",target_level=B1,"The series premiered August 20, 2007 on Nick Jr. and began broadcasting February 23, 2008 on Noggin.",B1,B2,cefr_mismatch,"{""rewrite_changed"": false, ""sari"": 30.46, ""semantic_tfidf_cosine"": 1.0}",held_out_test_metadata_sample,reviewed,acceptable,other,reviewer_lead,Level preservation task successfully kept unchanged.,2026-08-27T17:19:05.411558+00:00
4addf4e2b75f31fd,model3b,simplify,test,Many students choose a faculty committee whose members represent their own interdisciplinary interests.,target_level=B1,Many students choose a faculty committee whose members represent their own interdisciplinary interests.,B1,B2,cefr_mismatch|low_sari|no_simplification,"{""rewrite_changed"": false, ""sari"": 19.54, ""semantic_tfidf_cosine"": 1.0}",held_out_test_metadata_sample,reviewed,failure,no_simplification,reviewer_lead,No simplification performed on complex sentence.,2026-08-27T17:19:05.422644+00:00
853a7753362e6dac,model3b,simplify,test,"The largest by far is Triton, discovered by William Lassell just seventeen days after the discovery of Neptune itself.",target_level=B1,The largest by far is Triton. It was discovered by William Lassell just seventeen days after the discovery of Neptune itself.,B1,C1,cefr_mismatch,"{""rewrite_changed"": true, ""sari"": 66.44, ""semantic_tfidf_cosine"": 0.9368}",held_out_test_metadata_sample,reviewed,acceptable,other,reviewer_lead,Structural simplification into two sentences.,2026-08-27T17:19:05.436476+00:00
d3ed92b188c6abaa,model3b,simplify,test,"Apparently after her death, Shah Jahan went into secluded mourning for a year.",target_level=A2,"After her death, Shah Jahan went into secluded mourning for a year.",A2,C1,cefr_mismatch,"{""rewrite_changed"": true, ""sari"": 61.62, ""semantic_tfidf_cosine"": 0.9422}",held_out_test_metadata_sample,reviewed,acceptable,other,reviewer_lead,Removed parenthetical adverb.,2026-08-27T17:19:05.450236+00:00
3d6fbd1a23bdb48d,model3b,simplify,test,"He is considered to be the most important sculptor of the Spanish Renaissance, and is known for his emotive sculptures depicting religious ecstasy or torment.",target_level=B1,He is considered to be the most important sculptor of the Spanish Renaissance. He is known for his emotive sculptures depicting religious ecstasy or torment.,B1,C1,cefr_mismatch,"{""rewrite_changed"": true, ""sari"": 67.79, ""semantic_tfidf_cosine"": 0.9424}",held_out_test_metadata_sample,reviewed,acceptable,other,reviewer_lead,Structural sentence split.,2026-08-27T17:19:05.460254+00:00
f38bcdbe5a502004,model3b,simplify,test,"Before the second game got underway, the press agreed that the ""midget-in-a-cake"" appearance had not been up to Veeck's usual promotional standard.",target_level=B2,"Before the second game started, the press agreed that the ""midget-in-a-cake"" appearance had not been up to Veeck's usual promotional standard.",B2,C1,cefr_mismatch,"{""rewrite_changed"": true, ""sari"": 68.63, ""semantic_tfidf_cosine"": 0.8789}",held_out_test_metadata_sample,reviewed,acceptable,other,reviewer_lead,Idiom simplified from got underway to started.,2026-08-27T17:19:05.471680+00:00
665b16c063c2f97c,model3b,preserve,test,Pompeii was transformed into a much more public and open place.,target_level=A2,Pompeii was transformed into a much more public and open place.,A2,B2,cefr_mismatch|low_sari,"{""rewrite_changed"": false, ""sari"": 28.42, ""semantic_tfidf_cosine"": 1.0}",held_out_test_metadata_sample,reviewed,acceptable,other,reviewer_lead,Preservation task kept unchanged.,2026-08-27T17:19:05.485335+00:00
3569d37e9306ce7c,model3b,simplify,test,"References External links ""A Remembrance of Olin Eggen — 1919 – 1998"", by Nicholas B. Suntzeff, 6 October 1998; NOAO Newsletter, No. 56, December 1998.",target_level=A2,"References External links ""A Remembrance of Olin Eggen — 1919 – 1998"", by Nicholas B. Suntzeff, 6 October 1998; NOAO Newsletter, No. 56, December 1998.",A2,C1,cefr_mismatch|no_simplification,"{""rewrite_changed"": false, ""sari"": 30.77, ""semantic_tfidf_cosine"": 1.0}",held_out_test_metadata_sample,reviewed,acceptable,other,reviewer_lead,Citation metadata string.,2026-08-27T17:19:05.499761+00:00
f81c4c7a39265fb2,model3b,simplify,test,"That same year, he starred opposite Matt Damon, Ben Affleck, and Chris O'Donnell in School Ties.",target_level=A2,"That same year, he starred opposite Matt Damon, Ben Affleck, and Chris O'Donnell in School Ties.",A2,B2,cefr_mismatch|low_sari|no_simplification,"{""rewrite_changed"": false, ""sari"": 29.95, ""semantic_tfidf_cosine"": 1.0}",held_out_test_metadata_sample,reviewed,failure,no_simplification,reviewer_lead,No simplification of starred opposite.,2026-08-27T17:19:05.512369+00:00
d55c2c19503d87ad,model3b,simplify,test,"Very large corporations such as GE, Toyota and Sharp, and investment firms such as Goldman Sachs are making multi-billion dollar investments in clean technology.",target_level=B2,"Very large corporations such as GE, Toyota and Sharp, and investment firms such as Goldman Sachs are making multi-billion dollar investments in clean technology.",B2,C1,cefr_mismatch|no_simplification,"{""rewrite_changed"": false, ""sari"": 31.25, ""semantic_tfidf_cosine"": 1.0}",held_out_test_metadata_sample,reviewed,failure,no_simplification,reviewer_lead,No simplification performed.,2026-08-27T17:19:05.526117+00:00
720b947b15b623c8,model3b,simplify,test,"In 1919, all of the major pro-independence factions formed the Provisional Government in Shanghai.",target_level=B1,"In 1919, all of the major pro-independence factions formed the Provisional Government in Shanghai.",B1,B2,cefr_mismatch|low_sari|no_simplification,"{""rewrite_changed"": false, ""sari"": 19.07, ""semantic_tfidf_cosine"": 1.0}",held_out_test_metadata_sample,reviewed,failure,no_simplification,reviewer_lead,No simplification performed.,2026-08-27T17:19:05.538433+00:00
0651580c0fec4155,model3b,simplify,test,Punt Road underpasses directly under the station via a major interchange with Swan Street and Brunton Avenue.,target_level=A2,Punt Road underpasses directly under the station via a major interchange with Swan Street and Brunton Avenue.,A2,C1,cefr_mismatch|low_sari|no_simplification,"{""rewrite_changed"": false, ""sari"": 15.18, ""semantic_tfidf_cosine"": 1.0}",held_out_test_metadata_sample,reviewed,failure,no_simplification,reviewer_lead,No simplification for A2 target.,2026-08-27T17:19:05.550584+00:00
9ee39667ed98ba71,model3b,simplify,test,Working Group I: Assesses scientific aspects of the climate system and climate change.,target_level=B1,Working Group I: Assesses scientific aspects of the climate system and climate change.,B1,B2,cefr_mismatch|no_simplification,"{""rewrite_changed"": false, ""sari"": 30.67, ""semantic_tfidf_cosine"": 1.0}",held_out_test_metadata_sample,reviewed,failure,no_simplification,reviewer_lead,No simplification performed.,2026-08-27T17:19:05.563475+00:00
6e10433ff023e383,model3b,preserve,test,"Cogeneration (also combined heat and power, CHP) is the use of a heat engine or a power station to simultaneously generate both electricity and useful heat.",target_level=C1,Cogeneration is the use of a heat engine or a power station to generate both electricity and useful heat.,C1,B2,cefr_mismatch,"{""rewrite_changed"": true, ""sari"": 33.01, ""semantic_tfidf_cosine"": 0.784}",held_out_test_metadata_sample,reviewed,failure,meaning_loss,reviewer_lead,Preserve task simplified and lost parenthetical definition.,2026-08-27T17:19:05.574498+00:00
