feature,train_missing,validation_missing,train_infinite,validation_infinite,train_unique,train_dominant_value_share,train_min,train_p01,train_q1,train_median,train_mean,train_q3,train_p99,train_max,train_std,iqr_outlier_lower_fence,iqr_outlier_upper_fence,train_outlier_count,train_outlier_share,validation_outlier_count,validation_outlier_share,near_constant
word_count,0,0,0,0,746,0.0052459016,13,126.49,293,400,427.96525,523,1097.53,1229,190.22735,-52,868,97,0.031803279,27,0.035433071,False
sentence_count,0,0,0,0,65,0.044262295,1,3,11,18,19.060328,25,51.51,90,10.281267,-10,46,47,0.015409836,17,0.022309711,False
mean_sentence_length,0,0,0,0,2243,0.0049180328,6.6896552,10.671081,17.73064,22.240385,26.863405,30.247863,93.551,385.33333,18.21296,-1.0451955,49.023699,198,0.064918033,51,0.066929134,False
mtld,0,0,0,0,3036,0.00098360656,13.736937,27.022912,43.540175,52.115988,53.43032,61.45044,93.514377,120.5,14.061626,16.674778,88.315837,61,0.02,17,0.022309711,False
mattr,0,0,0,0,3023,0.00098360656,0.44,0.60106063,0.70613248,0.73820667,0.73266607,0.76517225,0.82307352,0.92307692,0.047974661,0.61757283,0.8537319,72,0.023606557,16,0.020997375,False
mean_word_frequency,0,0,0,0,3047,0.0006557377,4.0653538,5.6647516,6.0021194,6.0897784,6.0726258,6.1627024,6.320129,6.433423,0.14301225,5.7612449,6.4035768,74,0.024262295,12,0.015748031,False
mean_word_length,0,0,0,0,2943,0.0029508197,3.1495327,3.6133218,4.0224662,4.1972825,4.2110462,4.39058,4.9466731,5.5454545,0.28108208,3.4702956,4.9427507,42,0.013770492,12,0.015748031,False
lexical_density,0,0,0,0,2611,0.011147541,0.34353741,0.37622139,0.44526236,0.47492521,0.47539405,0.50457415,0.58533997,0.77830189,0.044747677,0.35629467,0.59354184,31,0.010163934,8,0.010498688,False
noun_diversity,0,0,0,0,1472,0.021311475,0.14285714,0.20930288,0.3685289,0.45053387,0.45931021,0.53846154,0.78352679,1,0.12535677,0.11362995,0.79336049,25,0.0081967213,11,0.014435696,False
detected_grammar_errors_per_100_words,0,0,0,0,1626,0.13311475,0,0,0.33222591,0.74142788,0.97386332,1.3986014,4.0519912,7.6923077,0.91495103,-1.2673373,2.9981646,110,0.036065574,31,0.040682415,False
detected_error_free_sentence_ratio,0,0,0,0,282,0.13311475,0,0.15452381,0.71428571,0.84615385,0.79770604,0.93333333,1,1,0.18630887,0.38571429,1.2619048,119,0.039016393,22,0.028871391,False
complex_sentence_ratio,0,0,0,0,265,0.21344262,0,0.5,0.78947368,0.875,0.85853789,0.95428118,1,1,0.12361791,0.54226243,1.2014924,59,0.019344262,14,0.018372703,False
estimated_clauses_per_sentence,0,0,0,0,1273,0.014098361,1,1.8903604,3.2380952,4.0467391,4.9490526,5.6053571,16.836667,68,3.4219256,-0.31279762,9.15625,197,0.064590164,50,0.065616798,False
subordinate_clause_ratio,0,0,0,0,1266,0.020983607,0,0.38897461,0.55086014,0.61045796,0.60795159,0.66666667,0.81018018,0.89583333,0.090052678,0.37715036,0.84037645,36,0.011803279,13,0.017060367,False
