feature,train_mean,validation_mean,train_std,validation_std,standardized_mean_difference,ks_statistic,population_stability_index,stable_under_predeclared_thresholds
word_count,427.96525,429.54331,190.22735,189.20265,0.0083180319,0.026017813,0.0071763561,True
sentence_count,19.060328,19.199475,10.281267,10.611753,0.013318303,0.018327955,0.015000472,True
mean_sentence_length,26.863405,26.905669,18.21296,18.62788,0.0022942603,0.02101975,0.00422239,True
mtld,53.43032,52.965804,14.061626,13.715433,-0.033443409,0.03291941,0.0073125692,True
mattr,0.73266607,0.73203125,0.047974661,0.046668539,-0.013413744,0.033534702,0.019005704,True
mean_word_frequency,6.0726258,6.0755015,0.14301225,0.139045,0.020388903,0.024766576,0.007244433,True
mean_word_length,4.2110462,4.2005393,0.28108208,0.27571032,-0.037739203,0.04215051,0.012952451,True
lexical_density,0.47539405,0.47507681,0.044747677,0.044106526,-0.0071404206,0.029051246,0.019844198,True
noun_diversity,0.45931021,0.4642636,0.12535677,0.12603023,0.039408267,0.036575018,0.029313581,True
detected_grammar_errors_per_100_words,0.97386332,1.0465794,0.91495103,0.93069241,0.078794658,0.074060497,0.029228948,True
detected_error_free_sentence_ratio,0.79770604,0.78658379,0.18630887,0.18402104,-0.06006561,0.059001764,0.023039155,True
complex_sentence_ratio,0.85853789,0.8586301,0.12361791,0.12366854,0.00074582887,0.016557807,0.0041392856,True
estimated_clauses_per_sentence,4.9490526,4.9588578,3.4219256,3.4804702,0.0028409955,0.03620068,0.012874963,True
subordinate_clause_ratio,0.60795159,0.60862719,0.090052678,0.09084485,0.0074694054,0.030041737,0.021229424,True
