target,score,model_train_count,validation_count,model_train_percent,validation_percent,absolute_percentage_point_difference
Vocabulary,1.0,1,1,0.032,0.1277,0.0957
Vocabulary,1.5,12,2,0.3836,0.2554,0.1282
Vocabulary,2.0,98,26,3.133,3.3206,0.1876
Vocabulary,2.5,426,102,13.6189,13.0268,0.5921
Vocabulary,3.0,1182,321,37.7877,40.9962,3.2084
Vocabulary,3.5,817,190,26.1189,24.2656,1.8533
Vocabulary,4.0,461,116,14.7379,14.8148,0.077
Vocabulary,4.5,97,18,3.101,2.2989,0.8022
Vocabulary,5.0,34,7,1.087,0.894,0.193
Grammar,1.0,6,2,0.1918,0.2554,0.0636
Grammar,1.5,17,3,0.5435,0.3831,0.1603
Grammar,2.0,433,111,13.8427,14.1762,0.3335
Grammar,2.5,687,168,21.9629,21.4559,0.507
Grammar,3.0,795,199,25.4156,25.4151,0.0005
Grammar,3.5,684,196,21.867,25.0319,3.1649
Grammar,4.0,370,77,11.8286,9.834,1.9947
Grammar,4.5,111,23,3.5486,2.9374,0.6112
Grammar,5.0,25,4,0.7992,0.5109,0.2884
