sample_id,word,true_label,true_level,pred_label,pred_level,is_correct,confidence,model_started_at,model_completed_at
1,a,0,A1,0,A1,True,0.8955,2026-08-28T07:53:40.115267+00:00,2026-08-28T07:54:17.599088+00:00
2,able,1,A2,1,A2,True,0.4783,2026-08-28T07:53:40.115267+00:00,2026-08-28T07:54:17.599088+00:00
3,abroad,1,A2,2,B1,False,0.3975,2026-08-28T07:53:40.115267+00:00,2026-08-28T07:54:17.599088+00:00
4,academic,2,B1,2,B1,True,0.4786,2026-08-28T07:53:40.115267+00:00,2026-08-28T07:54:17.599088+00:00
5,academy,1,A2,2,B1,False,0.3965,2026-08-28T07:53:40.115267+00:00,2026-08-28T07:54:17.599088+00:00
6,accept,1,A2,2,B1,False,0.7835,2026-08-28T07:53:40.115267+00:00,2026-08-28T07:54:17.599088+00:00
7,acceptance,2,B1,3,B2,False,0.7596,2026-08-28T07:53:40.115267+00:00,2026-08-28T07:54:17.599088+00:00
8,accidentally,2,B1,1,A2,False,0.3891,2026-08-28T07:53:40.115267+00:00,2026-08-28T07:54:17.599088+00:00
9,accompany,3,B2,2,B1,False,0.3614,2026-08-28T07:53:40.115267+00:00,2026-08-28T07:54:17.599088+00:00
10,accounting,2,B1,3,B2,False,0.4252,2026-08-28T07:53:40.115267+00:00,2026-08-28T07:54:17.599088+00:00
11,acre,3,B2,0,A1,False,0.2891,2026-08-28T07:53:40.115267+00:00,2026-08-28T07:54:17.599088+00:00
12,actual,2,B1,2,B1,True,0.5723,2026-08-28T07:53:40.115267+00:00,2026-08-28T07:54:17.599088+00:00
13,adapt,2,B1,3,B2,False,0.4887,2026-08-28T07:53:40.115267+00:00,2026-08-28T07:54:17.599088+00:00
14,added,1,A2,1,A2,True,0.5161,2026-08-28T07:53:40.115267+00:00,2026-08-28T07:54:17.599088+00:00
15,advanced,2,B1,2,B1,True,0.381,2026-08-28T07:53:40.115267+00:00,2026-08-28T07:54:17.599088+00:00
16,advantage,1,A2,2,B1,False,0.5432,2026-08-28T07:53:40.115267+00:00,2026-08-28T07:54:17.599088+00:00
17,advertise,3,B2,2,B1,False,0.3977,2026-08-28T07:53:40.115267+00:00,2026-08-28T07:54:17.599088+00:00
18,advocate,3,B2,3,B2,True,0.501,2026-08-28T07:53:40.115267+00:00,2026-08-28T07:54:17.599088+00:00
19,afraid,0,A1,1,A2,False,0.4461,2026-08-28T07:53:40.115267+00:00,2026-08-28T07:54:17.599088+00:00
20,agency,1,A2,2,B1,False,0.6543,2026-08-28T07:53:40.115267+00:00,2026-08-28T07:54:17.599088+00:00
21,agent,2,B1,1,A2,False,0.457,2026-08-28T07:53:40.115267+00:00,2026-08-28T07:54:17.599088+00:00
22,ai,3,B2,1,A2,False,0.4079,2026-08-28T07:53:40.115267+00:00,2026-08-28T07:54:17.599088+00:00
23,aid,2,B1,1,A2,False,0.4609,2026-08-28T07:53:40.115267+00:00,2026-08-28T07:54:17.599088+00:00
24,aim,2,B1,2,B1,True,0.5243,2026-08-28T07:53:40.115267+00:00,2026-08-28T07:54:17.599088+00:00
25,aircraft,1,A2,2,B1,False,0.3215,2026-08-28T07:53:40.115267+00:00,2026-08-28T07:54:17.599088+00:00
26,airport,0,A1,0,A1,True,0.6165,2026-08-28T07:53:40.115267+00:00,2026-08-28T07:54:17.599088+00:00
27,album,1,A2,0,A1,False,0.5133,2026-08-28T07:53:40.115267+00:00,2026-08-28T07:54:17.599088+00:00
28,alfabetical,0,A1,4,C1,False,0.7225,2026-08-28T07:53:40.115267+00:00,2026-08-28T07:54:17.599088+00:00
29,alternant,4,C1,4,C1,True,0.7136,2026-08-28T07:53:40.115267+00:00,2026-08-28T07:54:17.599088+00:00
30,alternatively,3,B2,3,B2,True,0.4541,2026-08-28T07:53:40.115267+00:00,2026-08-28T07:54:17.599088+00:00
31,altogether,1,A2,2,B1,False,0.4332,2026-08-28T07:53:40.115267+00:00,2026-08-28T07:54:17.599088+00:00
32,american,1,A2,0,A1,False,0.4678,2026-08-28T07:53:40.115267+00:00,2026-08-28T07:54:17.599088+00:00
33,among,2,B1,1,A2,False,0.4817,2026-08-28T07:53:40.115267+00:00,2026-08-28T07:54:17.599088+00:00
34,amphitheater,4,C1,3,B2,False,0.7712,2026-08-28T07:53:40.115267+00:00,2026-08-28T07:54:17.599088+00:00
35,amwell,3,B2,4,C1,False,0.739,2026-08-28T07:53:40.115267+00:00,2026-08-28T07:54:17.599088+00:00
36,an,0,A1,0,A1,True,0.8513,2026-08-28T07:53:40.115267+00:00,2026-08-28T07:54:17.599088+00:00
37,analagus,4,C1,4,C1,True,0.7174,2026-08-28T07:53:40.115267+00:00,2026-08-28T07:54:17.599088+00:00
38,analyse,2,B1,3,B2,False,0.3932,2026-08-28T07:53:40.115267+00:00,2026-08-28T07:54:17.599088+00:00
39,angle,2,B1,2,B1,True,0.3565,2026-08-28T07:53:40.115267+00:00,2026-08-28T07:54:17.599088+00:00
40,animator,2,B1,2,B1,True,0.5271,2026-08-28T07:53:40.115267+00:00,2026-08-28T07:54:17.599088+00:00
41,another,1,A2,1,A2,True,0.5525,2026-08-28T07:53:40.115267+00:00,2026-08-28T07:54:17.599088+00:00
42,anti,2,B1,2,B1,True,0.5553,2026-08-28T07:53:40.115267+00:00,2026-08-28T07:54:17.599088+00:00
43,anvil,4,C1,4,C1,True,0.5796,2026-08-28T07:53:40.115267+00:00,2026-08-28T07:54:17.599088+00:00
44,ape,2,B1,3,B2,False,0.3899,2026-08-28T07:53:40.115267+00:00,2026-08-28T07:54:17.599088+00:00
45,appearance,2,B1,1,A2,False,0.3562,2026-08-28T07:53:40.115267+00:00,2026-08-28T07:54:17.599088+00:00
46,appoint,2,B1,3,B2,False,0.4981,2026-08-28T07:53:40.115267+00:00,2026-08-28T07:54:17.599088+00:00
47,appointment,2,B1,2,B1,True,0.5299,2026-08-28T07:53:40.115267+00:00,2026-08-28T07:54:17.599088+00:00
48,appreciating,3,B2,3,B2,True,0.507,2026-08-28T07:53:40.115267+00:00,2026-08-28T07:54:17.599088+00:00
49,approach,3,B2,2,B1,False,0.6036,2026-08-28T07:53:40.115267+00:00,2026-08-28T07:54:17.599088+00:00
50,april,0,A1,0,A1,True,0.863,2026-08-28T07:53:40.115267+00:00,2026-08-28T07:54:17.599088+00:00
51,architecture,1,A2,1,A2,True,0.4799,2026-08-28T07:53:40.115267+00:00,2026-08-28T07:54:17.599088+00:00
52,arm,0,A1,1,A2,False,0.5566,2026-08-28T07:53:40.115267+00:00,2026-08-28T07:54:17.599088+00:00
53,arrival,3,B2,1,A2,False,0.3345,2026-08-28T07:53:40.115267+00:00,2026-08-28T07:54:17.599088+00:00
54,arrow,2,B1,3,B2,False,0.419,2026-08-28T07:53:40.115267+00:00,2026-08-28T07:54:17.599088+00:00
55,atom,1,A2,4,C1,False,0.7363,2026-08-28T07:53:40.115267+00:00,2026-08-28T07:54:17.599088+00:00
56,atomic,3,B2,3,B2,True,0.4885,2026-08-28T07:53:40.115267+00:00,2026-08-28T07:54:17.599088+00:00
57,attainable,4,C1,3,B2,False,0.6182,2026-08-28T07:53:40.115267+00:00,2026-08-28T07:54:17.599088+00:00
58,attesting,4,C1,4,C1,True,0.7908,2026-08-28T07:53:40.115267+00:00,2026-08-28T07:54:17.599088+00:00
59,author,1,A2,2,B1,False,0.689,2026-08-28T07:53:40.115267+00:00,2026-08-28T07:54:17.599088+00:00
60,authority,3,B2,2,B1,False,0.4835,2026-08-28T07:53:40.115267+00:00,2026-08-28T07:54:17.599088+00:00
61,automatic,2,B1,3,B2,False,0.4933,2026-08-28T07:53:40.115267+00:00,2026-08-28T07:54:17.599088+00:00
62,avaible,2,B1,4,C1,False,0.7993,2026-08-28T07:53:40.115267+00:00,2026-08-28T07:54:17.599088+00:00
63,available,2,B1,2,B1,True,0.4396,2026-08-28T07:53:40.115267+00:00,2026-08-28T07:54:17.599088+00:00
64,await,3,B2,3,B2,True,0.5012,2026-08-28T07:53:40.115267+00:00,2026-08-28T07:54:17.599088+00:00
65,backfill,4,C1,4,C1,True,0.6712,2026-08-28T07:53:40.115267+00:00,2026-08-28T07:54:17.599088+00:00
66,baggy,2,B1,1,A2,False,0.5093,2026-08-28T07:53:40.115267+00:00,2026-08-28T07:54:17.599088+00:00
67,balance,3,B2,2,B1,False,0.4433,2026-08-28T07:53:40.115267+00:00,2026-08-28T07:54:17.599088+00:00
68,bare,2,B1,1,A2,False,0.4942,2026-08-28T07:53:40.115267+00:00,2026-08-28T07:54:17.599088+00:00
69,baren,3,B2,4,C1,False,0.7007,2026-08-28T07:53:40.115267+00:00,2026-08-28T07:54:17.599088+00:00
70,barnier,3,B2,0,A1,False,0.3112,2026-08-28T07:53:40.115267+00:00,2026-08-28T07:54:17.599088+00:00
71,bathroom,0,A1,0,A1,True,0.6225,2026-08-28T07:53:40.115267+00:00,2026-08-28T07:54:17.599088+00:00
72,baulk,3,B2,4,C1,False,0.4996,2026-08-28T07:53:40.115267+00:00,2026-08-28T07:54:17.599088+00:00
73,become,2,B1,1,A2,False,0.5241,2026-08-28T07:53:40.115267+00:00,2026-08-28T07:54:17.599088+00:00
74,behave,2,B1,2,B1,True,0.3513,2026-08-28T07:53:40.115267+00:00,2026-08-28T07:54:17.599088+00:00
75,belgian,1,A2,0,A1,False,0.5053,2026-08-28T07:53:40.115267+00:00,2026-08-28T07:54:17.599088+00:00
76,belief,1,A2,2,B1,False,0.6201,2026-08-28T07:53:40.115267+00:00,2026-08-28T07:54:17.599088+00:00
77,belong,2,B1,2,B1,True,0.428,2026-08-28T07:53:40.115267+00:00,2026-08-28T07:54:17.599088+00:00
78,belt,1,A2,1,A2,True,0.5318,2026-08-28T07:53:40.115267+00:00,2026-08-28T07:54:17.599088+00:00
79,beneath,1,A2,2,B1,False,0.5359,2026-08-28T07:53:40.115267+00:00,2026-08-28T07:54:17.599088+00:00
80,beside,0,A1,2,B1,False,0.4175,2026-08-28T07:53:40.115267+00:00,2026-08-28T07:54:17.599088+00:00
81,better,1,A2,0,A1,False,0.8075,2026-08-28T07:53:40.115267+00:00,2026-08-28T07:54:17.599088+00:00
82,bhuddism,4,C1,4,C1,True,0.7176,2026-08-28T07:53:40.115267+00:00,2026-08-28T07:54:17.599088+00:00
83,bib,3,B2,4,C1,False,0.3409,2026-08-28T07:53:40.115267+00:00,2026-08-28T07:54:17.599088+00:00
84,bioanalysis,4,C1,4,C1,True,0.7653,2026-08-28T07:53:40.115267+00:00,2026-08-28T07:54:17.599088+00:00
85,black,0,A1,0,A1,True,0.6173,2026-08-28T07:53:40.115267+00:00,2026-08-28T07:54:17.599088+00:00
86,blank,0,A1,2,B1,False,0.407,2026-08-28T07:53:40.115267+00:00,2026-08-28T07:54:17.599088+00:00
87,blanket,1,A2,1,A2,True,0.4267,2026-08-28T07:53:40.115267+00:00,2026-08-28T07:54:17.599088+00:00
88,blend,2,B1,2,B1,True,0.3775,2026-08-28T07:53:40.115267+00:00,2026-08-28T07:54:17.599088+00:00
89,blond,0,A1,2,B1,False,0.3273,2026-08-28T07:53:40.115267+00:00,2026-08-28T07:54:17.599088+00:00
90,blur,3,B2,4,C1,False,0.4484,2026-08-28T07:53:40.115267+00:00,2026-08-28T07:54:17.599088+00:00
91,board,2,B1,2,B1,True,0.3977,2026-08-28T07:53:40.115267+00:00,2026-08-28T07:54:17.599088+00:00
92,bond,2,B1,3,B2,False,0.6287,2026-08-28T07:53:40.115267+00:00,2026-08-28T07:54:17.599088+00:00
93,book,0,A1,0,A1,True,0.7902,2026-08-28T07:53:40.115267+00:00,2026-08-28T07:54:17.599088+00:00
94,boom,3,B2,2,B1,False,0.3958,2026-08-28T07:53:40.115267+00:00,2026-08-28T07:54:17.599088+00:00
95,born,0,A1,0,A1,True,0.5153,2026-08-28T07:53:40.115267+00:00,2026-08-28T07:54:17.599088+00:00
96,boss,1,A2,1,A2,True,0.4711,2026-08-28T07:53:40.115267+00:00,2026-08-28T07:54:17.599088+00:00
97,both,2,B1,1,A2,False,0.5043,2026-08-28T07:53:40.115267+00:00,2026-08-28T07:54:17.599088+00:00
98,bowl,0,A1,0,A1,True,0.4585,2026-08-28T07:53:40.115267+00:00,2026-08-28T07:54:17.599088+00:00
99,branchline,4,C1,3,B2,False,0.485,2026-08-28T07:53:40.115267+00:00,2026-08-28T07:54:17.599088+00:00
100,brand,2,B1,0,A1,False,0.4294,2026-08-28T07:53:40.115267+00:00,2026-08-28T07:54:17.599088+00:00
101,brandish,4,C1,4,C1,True,0.5809,2026-08-28T07:53:40.115267+00:00,2026-08-28T07:54:17.599088+00:00
102,bravely,2,B1,3,B2,False,0.4673,2026-08-28T07:53:40.115267+00:00,2026-08-28T07:54:17.599088+00:00
103,breakfast,0,A1,0,A1,True,0.7337,2026-08-28T07:53:40.115267+00:00,2026-08-28T07:54:17.599088+00:00
104,brief,1,A2,3,B2,False,0.5084,2026-08-28T07:53:40.115267+00:00,2026-08-28T07:54:17.599088+00:00
105,briefly,2,B1,1,A2,False,0.3036,2026-08-28T07:53:40.115267+00:00,2026-08-28T07:54:17.599088+00:00
106,brother,0,A1,0,A1,True,0.6309,2026-08-28T07:53:40.115267+00:00,2026-08-28T07:54:17.599088+00:00
107,bud,3,B2,1,A2,False,0.4717,2026-08-28T07:53:40.115267+00:00,2026-08-28T07:54:17.599088+00:00
108,building,1,A2,1,A2,True,0.6246,2026-08-28T07:53:40.115267+00:00,2026-08-28T07:54:17.599088+00:00
109,bullying,2,B1,2,B1,True,0.3708,2026-08-28T07:53:40.115267+00:00,2026-08-28T07:54:17.599088+00:00
110,bump,3,B2,2,B1,False,0.359,2026-08-28T07:53:40.115267+00:00,2026-08-28T07:54:17.599088+00:00
111,burden,3,B2,3,B2,True,0.4833,2026-08-28T07:53:40.115267+00:00,2026-08-28T07:54:17.599088+00:00
112,burglaria,0,A1,4,C1,False,0.7145,2026-08-28T07:53:40.115267+00:00,2026-08-28T07:54:17.599088+00:00
113,bury,2,B1,3,B2,False,0.5052,2026-08-28T07:53:40.115267+00:00,2026-08-28T07:54:17.599088+00:00
114,busfare,2,B1,4,C1,False,0.7189,2026-08-28T07:53:40.115267+00:00,2026-08-28T07:54:17.599088+00:00
115,bye,0,A1,0,A1,True,0.5389,2026-08-28T07:53:40.115267+00:00,2026-08-28T07:54:17.599088+00:00
116,ca,2,B1,1,A2,False,0.4766,2026-08-28T07:53:40.115267+00:00,2026-08-28T07:54:17.599088+00:00
117,cab,1,A2,0,A1,False,0.4579,2026-08-28T07:53:40.115267+00:00,2026-08-28T07:54:17.599088+00:00
118,calculation,3,B2,3,B2,True,0.5127,2026-08-28T07:53:40.115267+00:00,2026-08-28T07:54:17.599088+00:00
119,calydonian,4,C1,4,C1,True,0.6973,2026-08-28T07:53:40.115267+00:00,2026-08-28T07:54:17.599088+00:00
120,can,0,A1,0,A1,True,0.8841,2026-08-28T07:53:40.115267+00:00,2026-08-28T07:54:17.599088+00:00
121,cancel,1,A2,2,B1,False,0.585,2026-08-28T07:53:40.115267+00:00,2026-08-28T07:54:17.599088+00:00
122,capitalism,2,B1,3,B2,False,0.4978,2026-08-28T07:53:40.115267+00:00,2026-08-28T07:54:17.599088+00:00
123,careful,1,A2,2,B1,False,0.5316,2026-08-28T07:53:40.115267+00:00,2026-08-28T07:54:17.599088+00:00
124,carriage,2,B1,0,A1,False,0.4809,2026-08-28T07:53:40.115267+00:00,2026-08-28T07:54:17.599088+00:00
125,carrot,0,A1,4,C1,False,0.4351,2026-08-28T07:53:40.115267+00:00,2026-08-28T07:54:17.599088+00:00
126,carry,2,B1,2,B1,True,0.4472,2026-08-28T07:53:40.115267+00:00,2026-08-28T07:54:17.599088+00:00
127,cart,3,B2,0,A1,False,0.4835,2026-08-28T07:53:40.115267+00:00,2026-08-28T07:54:17.599088+00:00
128,cash,2,B1,2,B1,True,0.4644,2026-08-28T07:53:40.115267+00:00,2026-08-28T07:54:17.599088+00:00
129,casing,3,B2,4,C1,False,0.6759,2026-08-28T07:53:40.115267+00:00,2026-08-28T07:54:17.599088+00:00
130,cast,2,B1,1,A2,False,0.5003,2026-08-28T07:53:40.115267+00:00,2026-08-28T07:54:17.599088+00:00
131,castored,4,C1,4,C1,True,0.7165,2026-08-28T07:53:40.115267+00:00,2026-08-28T07:54:17.599088+00:00
132,catch,1,A2,1,A2,True,0.5026,2026-08-28T07:53:40.115267+00:00,2026-08-28T07:54:17.599088+00:00
133,cave,2,B1,1,A2,False,0.5687,2026-08-28T07:53:40.115267+00:00,2026-08-28T07:54:17.599088+00:00
134,certificate,2,B1,2,B1,True,0.4995,2026-08-28T07:53:40.115267+00:00,2026-08-28T07:54:17.599088+00:00
135,chain,2,B1,1,A2,False,0.6058,2026-08-28T07:53:40.115267+00:00,2026-08-28T07:54:17.599088+00:00
136,chair,1,A2,0,A1,False,0.5023,2026-08-28T07:53:40.115267+00:00,2026-08-28T07:54:17.599088+00:00
137,chaos,2,B1,3,B2,False,0.5827,2026-08-28T07:53:40.115267+00:00,2026-08-28T07:54:17.599088+00:00
138,chapel,3,B2,1,A2,False,0.3615,2026-08-28T07:53:40.115267+00:00,2026-08-28T07:54:17.599088+00:00
139,chart,1,A2,2,B1,False,0.3926,2026-08-28T07:53:40.115267+00:00,2026-08-28T07:54:17.599088+00:00
140,cheer,2,B1,2,B1,True,0.5159,2026-08-28T07:53:40.115267+00:00,2026-08-28T07:54:17.599088+00:00
141,chieftain,4,C1,3,B2,False,0.5397,2026-08-28T07:53:40.115267+00:00,2026-08-28T07:54:17.599088+00:00
142,chiff,4,C1,4,C1,True,0.7771,2026-08-28T07:53:40.115267+00:00,2026-08-28T07:54:17.599088+00:00
143,child,0,A1,0,A1,True,0.5125,2026-08-28T07:53:40.115267+00:00,2026-08-28T07:54:17.599088+00:00
144,childishness,3,B2,4,C1,False,0.7937,2026-08-28T07:53:40.115267+00:00,2026-08-28T07:54:17.599088+00:00
145,chip,2,B1,1,A2,False,0.3355,2026-08-28T07:53:40.115267+00:00,2026-08-28T07:54:17.599088+00:00
146,choir,2,B1,2,B1,True,0.3401,2026-08-28T07:53:40.115267+00:00,2026-08-28T07:54:17.599088+00:00
147,chore,2,B1,4,C1,False,0.4782,2026-08-28T07:53:40.115267+00:00,2026-08-28T07:54:17.599088+00:00
148,christian,1,A2,1,A2,True,0.5401,2026-08-28T07:53:40.115267+00:00,2026-08-28T07:54:17.599088+00:00
149,chronic,3,B2,2,B1,False,0.5542,2026-08-28T07:53:40.115267+00:00,2026-08-28T07:54:17.599088+00:00
150,chung,3,B2,4,C1,False,0.5575,2026-08-28T07:53:40.115267+00:00,2026-08-28T07:54:17.599088+00:00
151,ciliate,4,C1,4,C1,True,0.6673,2026-08-28T07:53:40.115267+00:00,2026-08-28T07:54:17.599088+00:00
152,cimtech,3,B2,4,C1,False,0.7199,2026-08-28T07:53:40.115267+00:00,2026-08-28T07:54:17.599088+00:00
153,circular,2,B1,3,B2,False,0.4985,2026-08-28T07:53:40.115267+00:00,2026-08-28T07:54:17.599088+00:00
154,clad,3,B2,1,A2,False,0.4831,2026-08-28T07:53:40.115267+00:00,2026-08-28T07:54:17.599088+00:00
155,classic,1,A2,0,A1,False,0.4408,2026-08-28T07:53:40.115267+00:00,2026-08-28T07:54:17.599088+00:00
156,clearly,2,B1,2,B1,True,0.7517,2026-08-28T07:53:40.115267+00:00,2026-08-28T07:54:17.599088+00:00
157,clerk,2,B1,1,A2,False,0.4965,2026-08-28T07:53:40.115267+00:00,2026-08-28T07:54:17.599088+00:00
158,clink,4,C1,4,C1,True,0.5145,2026-08-28T07:53:40.115267+00:00,2026-08-28T07:54:17.599088+00:00
159,clog,4,C1,4,C1,True,0.5466,2026-08-28T07:53:40.115267+00:00,2026-08-28T07:54:17.599088+00:00
160,clorinda,3,B2,4,C1,False,0.7306,2026-08-28T07:53:40.115267+00:00,2026-08-28T07:54:17.599088+00:00
161,closely,2,B1,2,B1,True,0.7697,2026-08-28T07:53:40.115267+00:00,2026-08-28T07:54:17.599088+00:00
162,cloud,0,A1,1,A2,False,0.4167,2026-08-28T07:53:40.115267+00:00,2026-08-28T07:54:17.599088+00:00
163,clown,1,A2,3,B2,False,0.3246,2026-08-28T07:53:40.115267+00:00,2026-08-28T07:54:17.599088+00:00
164,coach,1,A2,1,A2,True,0.4862,2026-08-28T07:53:40.115267+00:00,2026-08-28T07:54:17.599088+00:00
165,coat,1,A2,0,A1,False,0.4711,2026-08-28T07:53:40.115267+00:00,2026-08-28T07:54:17.599088+00:00
166,college,0,A1,0,A1,True,0.4406,2026-08-28T07:53:40.115267+00:00,2026-08-28T07:54:17.599088+00:00
167,combined,3,B2,3,B2,True,0.5317,2026-08-28T07:53:40.115267+00:00,2026-08-28T07:54:17.599088+00:00
168,commerce,4,C1,2,B1,False,0.4095,2026-08-28T07:53:40.115267+00:00,2026-08-28T07:54:17.599088+00:00
169,commons,4,C1,2,B1,False,0.4074,2026-08-28T07:53:40.115267+00:00,2026-08-28T07:54:17.599088+00:00
170,communist,2,B1,3,B2,False,0.509,2026-08-28T07:53:40.115267+00:00,2026-08-28T07:54:17.599088+00:00
171,competence,3,B2,3,B2,True,0.5879,2026-08-28T07:53:40.115267+00:00,2026-08-28T07:54:17.599088+00:00
172,complain,1,A2,2,B1,False,0.5378,2026-08-28T07:53:40.115267+00:00,2026-08-28T07:54:17.599088+00:00
173,completely,2,B1,2,B1,True,0.5979,2026-08-28T07:53:40.115267+00:00,2026-08-28T07:54:17.599088+00:00
174,completion,3,B2,3,B2,True,0.4761,2026-08-28T07:53:40.115267+00:00,2026-08-28T07:54:17.599088+00:00
175,complicated,3,B2,2,B1,False,0.5593,2026-08-28T07:53:40.115267+00:00,2026-08-28T07:54:17.599088+00:00
176,conduct,3,B2,2,B1,False,0.6475,2026-08-28T07:53:40.115267+00:00,2026-08-28T07:54:17.599088+00:00
177,connection,2,B1,2,B1,True,0.5586,2026-08-28T07:53:40.115267+00:00,2026-08-28T07:54:17.599088+00:00
178,conscience,3,B2,3,B2,True,0.5641,2026-08-28T07:53:40.115267+00:00,2026-08-28T07:54:17.599088+00:00
179,consensus,4,C1,4,C1,True,0.3907,2026-08-28T07:53:40.115267+00:00,2026-08-28T07:54:17.599088+00:00
180,conservative,2,B1,2,B1,True,0.506,2026-08-28T07:53:40.115267+00:00,2026-08-28T07:54:17.599088+00:00
181,considerable,3,B2,3,B2,True,0.581,2026-08-28T07:53:40.115267+00:00,2026-08-28T07:54:17.599088+00:00
182,considered,2,B1,2,B1,True,0.7632,2026-08-28T07:53:40.115267+00:00,2026-08-28T07:54:17.599088+00:00
183,consist,3,B2,2,B1,False,0.5773,2026-08-28T07:53:40.115267+00:00,2026-08-28T07:54:17.599088+00:00
184,constitution,2,B1,2,B1,True,0.5335,2026-08-28T07:53:40.115267+00:00,2026-08-28T07:54:17.599088+00:00
185,content,2,B1,2,B1,True,0.6937,2026-08-28T07:53:40.115267+00:00,2026-08-28T07:54:17.599088+00:00
186,context,2,B1,2,B1,True,0.5727,2026-08-28T07:53:40.115267+00:00,2026-08-28T07:54:17.599088+00:00
187,conviction,4,C1,3,B2,False,0.6134,2026-08-28T07:53:40.115267+00:00,2026-08-28T07:54:17.599088+00:00
188,convince,2,B1,3,B2,False,0.4365,2026-08-28T07:53:40.115267+00:00,2026-08-28T07:54:17.599088+00:00
189,core,2,B1,1,A2,False,0.4238,2026-08-28T07:53:40.115267+00:00,2026-08-28T07:54:17.599088+00:00
190,cottage,1,A2,3,B2,False,0.3537,2026-08-28T07:53:40.115267+00:00,2026-08-28T07:54:17.599088+00:00
191,council,2,B1,1,A2,False,0.4968,2026-08-28T07:53:40.115267+00:00,2026-08-28T07:54:17.599088+00:00
192,count,2,B1,2,B1,True,0.4344,2026-08-28T07:53:40.115267+00:00,2026-08-28T07:54:17.599088+00:00
193,counter,3,B2,2,B1,False,0.4724,2026-08-28T07:53:40.115267+00:00,2026-08-28T07:54:17.599088+00:00
194,coup,3,B2,3,B2,True,0.45,2026-08-28T07:53:40.115267+00:00,2026-08-28T07:54:17.599088+00:00
195,coursework,2,B1,3,B2,False,0.6086,2026-08-28T07:53:40.115267+00:00,2026-08-28T07:54:17.599088+00:00
196,crack,2,B1,2,B1,True,0.4858,2026-08-28T07:53:40.115267+00:00,2026-08-28T07:54:17.599088+00:00
197,craft,2,B1,2,B1,True,0.3269,2026-08-28T07:53:40.115267+00:00,2026-08-28T07:54:17.599088+00:00
198,crank,4,C1,3,B2,False,0.5696,2026-08-28T07:53:40.115267+00:00,2026-08-28T07:54:17.599088+00:00
199,creole,4,C1,4,C1,True,0.5774,2026-08-28T07:53:40.115267+00:00,2026-08-28T07:54:17.599088+00:00
200,crew,2,B1,1,A2,False,0.5098,2026-08-28T07:53:40.115267+00:00,2026-08-28T07:54:17.599088+00:00
201,critic,3,B2,2,B1,False,0.4921,2026-08-28T07:53:40.115267+00:00,2026-08-28T07:54:17.599088+00:00
202,croak,4,C1,4,C1,True,0.4801,2026-08-28T07:53:40.115267+00:00,2026-08-28T07:54:17.599088+00:00
203,crowdsource,3,B2,4,C1,False,0.7639,2026-08-28T07:53:40.115267+00:00,2026-08-28T07:54:17.599088+00:00
204,crown,2,B1,0,A1,False,0.4854,2026-08-28T07:53:40.115267+00:00,2026-08-28T07:54:17.599088+00:00
205,currency,2,B1,3,B2,False,0.6373,2026-08-28T07:53:40.115267+00:00,2026-08-28T07:54:17.599088+00:00
206,damn,2,B1,1,A2,False,0.5717,2026-08-28T07:53:40.115267+00:00,2026-08-28T07:54:17.599088+00:00
207,dare,3,B2,3,B2,True,0.4409,2026-08-28T07:53:40.115267+00:00,2026-08-28T07:54:17.599088+00:00
208,dark,1,A2,0,A1,False,0.5188,2026-08-28T07:53:40.115267+00:00,2026-08-28T07:54:17.599088+00:00
209,data,1,A2,2,B1,False,0.7175,2026-08-28T07:53:40.115267+00:00,2026-08-28T07:54:17.599088+00:00
210,death,1,A2,0,A1,False,0.5267,2026-08-28T07:53:40.115267+00:00,2026-08-28T07:54:17.599088+00:00
211,decision,2,B1,2,B1,True,0.6419,2026-08-28T07:53:40.115267+00:00,2026-08-28T07:54:17.599088+00:00
212,dedicate,4,C1,3,B2,False,0.5838,2026-08-28T07:53:40.115267+00:00,2026-08-28T07:54:17.599088+00:00
213,deem,4,C1,4,C1,True,0.4764,2026-08-28T07:53:40.115267+00:00,2026-08-28T07:54:17.599088+00:00
214,defendant,2,B1,4,C1,False,0.4721,2026-08-28T07:53:40.115267+00:00,2026-08-28T07:54:17.599088+00:00
215,delegation,3,B2,3,B2,True,0.3708,2026-08-28T07:53:40.115267+00:00,2026-08-28T07:54:17.599088+00:00
216,delta,2,B1,4,C1,False,0.5736,2026-08-28T07:53:40.115267+00:00,2026-08-28T07:54:17.599088+00:00
217,democracy,1,A2,2,B1,False,0.5151,2026-08-28T07:53:40.115267+00:00,2026-08-28T07:54:17.599088+00:00
218,demonstration,2,B1,3,B2,False,0.3982,2026-08-28T07:53:40.115267+00:00,2026-08-28T07:54:17.599088+00:00
219,denim,1,A2,1,A2,True,0.4657,2026-08-28T07:53:40.115267+00:00,2026-08-28T07:54:17.599088+00:00
220,dennis,0,A1,1,A2,False,0.5626,2026-08-28T07:53:40.115267+00:00,2026-08-28T07:54:17.599088+00:00
221,deny,3,B2,3,B2,True,0.3956,2026-08-28T07:53:40.115267+00:00,2026-08-28T07:54:17.599088+00:00
222,depict,4,C1,4,C1,True,0.3981,2026-08-28T07:53:40.115267+00:00,2026-08-28T07:54:17.599088+00:00
223,deserve,2,B1,2,B1,True,0.6013,2026-08-28T07:53:40.115267+00:00,2026-08-28T07:54:17.599088+00:00
224,destination,2,B1,1,A2,False,0.3824,2026-08-28T07:53:40.115267+00:00,2026-08-28T07:54:17.599088+00:00
225,detective,3,B2,2,B1,False,0.4896,2026-08-28T07:53:40.115267+00:00,2026-08-28T07:54:17.599088+00:00
226,devil,1,A2,1,A2,True,0.5258,2026-08-28T07:53:40.115267+00:00,2026-08-28T07:54:17.599088+00:00
227,diet,1,A2,2,B1,False,0.3822,2026-08-28T07:53:40.115267+00:00,2026-08-28T07:54:17.599088+00:00
228,difference,1,A2,2,B1,False,0.5532,2026-08-28T07:53:40.115267+00:00,2026-08-28T07:54:17.599088+00:00
229,different,1,A2,1,A2,True,0.3557,2026-08-28T07:53:40.115267+00:00,2026-08-28T07:54:17.599088+00:00
230,difficult,0,A1,1,A2,False,0.8307,2026-08-28T07:53:40.115267+00:00,2026-08-28T07:54:17.599088+00:00
231,digestive,4,C1,3,B2,False,0.8493,2026-08-28T07:53:40.115267+00:00,2026-08-28T07:54:17.599088+00:00
232,digital,1,A2,2,B1,False,0.5574,2026-08-28T07:53:40.115267+00:00,2026-08-28T07:54:17.599088+00:00
233,dimension,3,B2,3,B2,True,0.3665,2026-08-28T07:53:40.115267+00:00,2026-08-28T07:54:17.599088+00:00
234,direction,2,B1,2,B1,True,0.7086,2026-08-28T07:53:40.115267+00:00,2026-08-28T07:54:17.599088+00:00
235,directive,3,B2,3,B2,True,0.4684,2026-08-28T07:53:40.115267+00:00,2026-08-28T07:54:17.599088+00:00
236,director,1,A2,1,A2,True,0.4546,2026-08-28T07:53:40.115267+00:00,2026-08-28T07:54:17.599088+00:00
237,directory,2,B1,1,A2,False,0.3506,2026-08-28T07:53:40.115267+00:00,2026-08-28T07:54:17.599088+00:00
238,disadvantage,2,B1,3,B2,False,0.6667,2026-08-28T07:53:40.115267+00:00,2026-08-28T07:54:17.599088+00:00
239,disappointed,1,A2,2,B1,False,0.4253,2026-08-28T07:53:40.115267+00:00,2026-08-28T07:54:17.599088+00:00
240,discharge,3,B2,3,B2,True,0.491,2026-08-28T07:53:40.115267+00:00,2026-08-28T07:54:17.599088+00:00
241,disclose,3,B2,3,B2,True,0.3873,2026-08-28T07:53:40.115267+00:00,2026-08-28T07:54:17.599088+00:00
242,discretion,3,B2,3,B2,True,0.6868,2026-08-28T07:53:40.115267+00:00,2026-08-28T07:54:17.599088+00:00
243,discuss,1,A2,2,B1,False,0.4791,2026-08-28T07:53:40.115267+00:00,2026-08-28T07:54:17.599088+00:00
244,display,2,B1,2,B1,True,0.486,2026-08-28T07:53:40.115267+00:00,2026-08-28T07:54:17.599088+00:00
245,dispose,2,B1,3,B2,False,0.5787,2026-08-28T07:53:40.115267+00:00,2026-08-28T07:54:17.599088+00:00
246,dissent,4,C1,3,B2,False,0.5381,2026-08-28T07:53:40.115267+00:00,2026-08-28T07:54:17.599088+00:00
247,distance,2,B1,1,A2,False,0.4037,2026-08-28T07:53:40.115267+00:00,2026-08-28T07:54:17.599088+00:00
248,distant,1,A2,2,B1,False,0.3263,2026-08-28T07:53:40.115267+00:00,2026-08-28T07:54:17.599088+00:00
249,distasteful,4,C1,4,C1,True,0.7644,2026-08-28T07:53:40.115267+00:00,2026-08-28T07:54:17.599088+00:00
250,divide,1,A2,3,B2,False,0.4268,2026-08-28T07:53:40.115267+00:00,2026-08-28T07:54:17.599088+00:00
251,dna,2,B1,3,B2,False,0.4047,2026-08-28T07:53:40.115267+00:00,2026-08-28T07:54:17.599088+00:00
252,dog,0,A1,0,A1,True,0.7789,2026-08-28T07:53:40.115267+00:00,2026-08-28T07:54:17.599088+00:00
253,domain,3,B2,3,B2,True,0.6047,2026-08-28T07:53:40.115267+00:00,2026-08-28T07:54:17.599088+00:00
254,downright,3,B2,2,B1,False,0.6199,2026-08-28T07:53:40.115267+00:00,2026-08-28T07:54:17.599088+00:00
255,dramatically,2,B1,3,B2,False,0.539,2026-08-28T07:53:40.115267+00:00,2026-08-28T07:54:17.599088+00:00
256,dreaded,4,C1,4,C1,True,0.493,2026-08-28T07:53:40.115267+00:00,2026-08-28T07:54:17.599088+00:00
257,driving,1,A2,1,A2,True,0.4569,2026-08-28T07:53:40.115267+00:00,2026-08-28T07:54:17.599088+00:00
258,drug,1,A2,2,B1,False,0.5683,2026-08-28T07:53:40.115267+00:00,2026-08-28T07:54:17.599088+00:00
259,each,1,A2,0,A1,False,0.5866,2026-08-28T07:53:40.115267+00:00,2026-08-28T07:54:17.599088+00:00
260,east,1,A2,1,A2,True,0.6439,2026-08-28T07:53:40.115267+00:00,2026-08-28T07:54:17.599088+00:00
261,economic,3,B2,2,B1,False,0.4827,2026-08-28T07:53:40.115267+00:00,2026-08-28T07:54:17.599088+00:00
262,educate,2,B1,2,B1,True,0.7229,2026-08-28T07:53:40.115267+00:00,2026-08-28T07:54:17.599088+00:00
263,effect,1,A2,2,B1,False,0.7073,2026-08-28T07:53:40.115267+00:00,2026-08-28T07:54:17.599088+00:00
264,effort,2,B1,2,B1,True,0.6154,2026-08-28T07:53:40.115267+00:00,2026-08-28T07:54:17.599088+00:00
265,elderly,3,B2,2,B1,False,0.4015,2026-08-28T07:53:40.115267+00:00,2026-08-28T07:54:17.599088+00:00
266,electric,1,A2,1,A2,True,0.7481,2026-08-28T07:53:40.115267+00:00,2026-08-28T07:54:17.599088+00:00
267,eleven,0,A1,0,A1,True,0.5556,2026-08-28T07:53:40.115267+00:00,2026-08-28T07:54:17.599088+00:00
268,embassy,3,B2,1,A2,False,0.4101,2026-08-28T07:53:40.115267+00:00,2026-08-28T07:54:17.599088+00:00
269,empirical,4,C1,4,C1,True,0.4378,2026-08-28T07:53:40.115267+00:00,2026-08-28T07:54:17.599088+00:00
270,enable,3,B2,3,B2,True,0.4613,2026-08-28T07:53:40.115267+00:00,2026-08-28T07:54:17.599088+00:00
271,endless,2,B1,1,A2,False,0.6001,2026-08-28T07:53:40.115267+00:00,2026-08-28T07:54:17.599088+00:00
272,enterprise,2,B1,2,B1,True,0.5516,2026-08-28T07:53:40.115267+00:00,2026-08-28T07:54:17.599088+00:00
273,entire,2,B1,1,A2,False,0.5896,2026-08-28T07:53:40.115267+00:00,2026-08-28T07:54:17.599088+00:00
274,equip,2,B1,2,B1,True,0.4035,2026-08-28T07:53:40.115267+00:00,2026-08-28T07:54:17.599088+00:00
275,essay,2,B1,3,B2,False,0.5671,2026-08-28T07:53:40.115267+00:00,2026-08-28T07:54:17.599088+00:00
276,essence,3,B2,2,B1,False,0.3753,2026-08-28T07:53:40.115267+00:00,2026-08-28T07:54:17.599088+00:00
277,estate,3,B2,1,A2,False,0.7817,2026-08-28T07:53:40.115267+00:00,2026-08-28T07:54:17.599088+00:00
278,evaluate,3,B2,2,B1,False,0.6507,2026-08-28T07:53:40.115267+00:00,2026-08-28T07:54:17.599088+00:00
279,evening,0,A1,0,A1,True,0.7843,2026-08-28T07:53:40.115267+00:00,2026-08-28T07:54:17.599088+00:00
280,evident,4,C1,3,B2,False,0.5112,2026-08-28T07:53:40.115267+00:00,2026-08-28T07:54:17.599088+00:00
281,excited,1,A2,1,A2,True,0.4917,2026-08-28T07:53:40.115267+00:00,2026-08-28T07:54:17.599088+00:00
282,exclusion,3,B2,3,B2,True,0.4754,2026-08-28T07:53:40.115267+00:00,2026-08-28T07:54:17.599088+00:00
283,exercise,1,A2,2,B1,False,0.4673,2026-08-28T07:53:40.115267+00:00,2026-08-28T07:54:17.599088+00:00
284,exhibition,2,B1,2,B1,True,0.5452,2026-08-28T07:53:40.115267+00:00,2026-08-28T07:54:17.599088+00:00
285,exhibitor,4,C1,3,B2,False,0.3245,2026-08-28T07:53:40.115267+00:00,2026-08-28T07:54:17.599088+00:00
286,expulsion,3,B2,4,C1,False,0.5458,2026-08-28T07:53:40.115267+00:00,2026-08-28T07:54:17.599088+00:00
287,extension,3,B2,3,B2,True,0.5497,2026-08-28T07:53:40.115267+00:00,2026-08-28T07:54:17.599088+00:00
288,f,0,A1,0,A1,True,0.4216,2026-08-28T07:53:40.115267+00:00,2026-08-28T07:54:17.599088+00:00
289,facsimile,3,B2,2,B1,False,0.5343,2026-08-28T07:53:40.115267+00:00,2026-08-28T07:54:17.599088+00:00
290,fact,1,A2,2,B1,False,0.4102,2026-08-28T07:53:40.115267+00:00,2026-08-28T07:54:17.599088+00:00
291,farmer,1,A2,0,A1,False,0.4671,2026-08-28T07:53:40.115267+00:00,2026-08-28T07:54:17.599088+00:00
292,fate,2,B1,2,B1,True,0.5521,2026-08-28T07:53:40.115267+00:00,2026-08-28T07:54:17.599088+00:00
293,favour,3,B2,3,B2,True,0.7631,2026-08-28T07:53:40.115267+00:00,2026-08-28T07:54:17.599088+00:00
294,feb,3,B2,3,B2,True,0.3009,2026-08-28T07:53:40.115267+00:00,2026-08-28T07:54:17.599088+00:00
295,federal,2,B1,2,B1,True,0.6818,2026-08-28T07:53:40.115267+00:00,2026-08-28T07:54:17.599088+00:00
296,fee,2,B1,3,B2,False,0.3137,2026-08-28T07:53:40.115267+00:00,2026-08-28T07:54:17.599088+00:00
297,fierce,3,B2,3,B2,True,0.5557,2026-08-28T07:53:40.115267+00:00,2026-08-28T07:54:17.599088+00:00
298,fighting,0,A1,2,B1,False,0.48,2026-08-28T07:53:40.115267+00:00,2026-08-28T07:54:17.599088+00:00
299,file,2,B1,2,B1,True,0.6986,2026-08-28T07:53:40.115267+00:00,2026-08-28T07:54:17.599088+00:00
300,filename,1,A2,4,C1,False,0.7497,2026-08-28T07:53:40.115267+00:00,2026-08-28T07:54:17.599088+00:00
301,finding,2,B1,2,B1,True,0.5085,2026-08-28T07:53:40.115267+00:00,2026-08-28T07:54:17.599088+00:00
302,finger,0,A1,0,A1,True,0.4357,2026-08-28T07:53:40.115267+00:00,2026-08-28T07:54:17.599088+00:00
303,firm,2,B1,1,A2,False,0.3775,2026-08-28T07:53:40.115267+00:00,2026-08-28T07:54:17.599088+00:00
304,firmly,3,B2,3,B2,True,0.4743,2026-08-28T07:53:40.115267+00:00,2026-08-28T07:54:17.599088+00:00
305,fist,2,B1,2,B1,True,0.3645,2026-08-28T07:53:40.115267+00:00,2026-08-28T07:54:17.599088+00:00
306,fit,1,A2,1,A2,True,0.6702,2026-08-28T07:53:40.115267+00:00,2026-08-28T07:54:17.599088+00:00
307,fix,1,A2,1,A2,True,0.4298,2026-08-28T07:53:40.115267+00:00,2026-08-28T07:54:17.599088+00:00
308,flee,4,C1,3,B2,False,0.5374,2026-08-28T07:53:40.115267+00:00,2026-08-28T07:54:17.599088+00:00
309,fleet,2,B1,2,B1,True,0.3533,2026-08-28T07:53:40.115267+00:00,2026-08-28T07:54:17.599088+00:00
310,float,2,B1,3,B2,False,0.4588,2026-08-28T07:53:40.115267+00:00,2026-08-28T07:54:17.599088+00:00
311,flower,0,A1,0,A1,True,0.5892,2026-08-28T07:53:40.115267+00:00,2026-08-28T07:54:17.599088+00:00
312,fluency,3,B2,3,B2,True,0.6532,2026-08-28T07:53:40.115267+00:00,2026-08-28T07:54:17.599088+00:00
313,forty,1,A2,0,A1,False,0.8831,2026-08-28T07:53:40.115267+00:00,2026-08-28T07:54:17.599088+00:00
314,fountain,2,B1,3,B2,False,0.554,2026-08-28T07:53:40.115267+00:00,2026-08-28T07:54:17.599088+00:00
315,four,0,A1,0,A1,True,0.9225,2026-08-28T07:53:40.115267+00:00,2026-08-28T07:54:17.599088+00:00
316,fourteen,0,A1,0,A1,True,0.517,2026-08-28T07:53:40.115267+00:00,2026-08-28T07:54:17.599088+00:00
317,fourth,0,A1,0,A1,True,0.7011,2026-08-28T07:53:40.115267+00:00,2026-08-28T07:54:17.599088+00:00
318,free,1,A2,1,A2,True,0.5117,2026-08-28T07:53:40.115267+00:00,2026-08-28T07:54:17.599088+00:00
319,freeze,2,B1,2,B1,True,0.3721,2026-08-28T07:53:40.115267+00:00,2026-08-28T07:54:17.599088+00:00
320,frequently,1,A2,2,B1,False,0.7366,2026-08-28T07:53:40.115267+00:00,2026-08-28T07:54:17.599088+00:00
321,fullness,3,B2,2,B1,False,0.4364,2026-08-28T07:53:40.115267+00:00,2026-08-28T07:54:17.599088+00:00
322,fundamental,3,B2,2,B1,False,0.3928,2026-08-28T07:53:40.115267+00:00,2026-08-28T07:54:17.599088+00:00
323,fundamentalist,3,B2,4,C1,False,0.4036,2026-08-28T07:53:40.115267+00:00,2026-08-28T07:54:17.599088+00:00
324,gallery,1,A2,1,A2,True,0.4554,2026-08-28T07:53:40.115267+00:00,2026-08-28T07:54:17.599088+00:00
325,garden,0,A1,0,A1,True,0.5232,2026-08-28T07:53:40.115267+00:00,2026-08-28T07:54:17.599088+00:00
326,generate,2,B1,3,B2,False,0.6553,2026-08-28T07:53:40.115267+00:00,2026-08-28T07:54:17.599088+00:00
327,generous,1,A2,1,A2,True,0.3844,2026-08-28T07:53:40.115267+00:00,2026-08-28T07:54:17.599088+00:00
328,germany,0,A1,0,A1,True,0.5496,2026-08-28T07:53:40.115267+00:00,2026-08-28T07:54:17.599088+00:00
329,ghost,1,A2,0,A1,False,0.4561,2026-08-28T07:53:40.115267+00:00,2026-08-28T07:54:17.599088+00:00
330,girl,0,A1,0,A1,True,0.933,2026-08-28T07:53:40.115267+00:00,2026-08-28T07:54:17.599088+00:00
331,glassy,2,B1,4,C1,False,0.5849,2026-08-28T07:53:40.115267+00:00,2026-08-28T07:54:17.599088+00:00
332,goal,2,B1,1,A2,False,0.6198,2026-08-28T07:53:40.115267+00:00,2026-08-28T07:54:17.599088+00:00
333,god,0,A1,0,A1,True,0.6073,2026-08-28T07:53:40.115267+00:00,2026-08-28T07:54:17.599088+00:00
334,goods,1,A2,0,A1,False,0.6077,2026-08-28T07:53:40.115267+00:00,2026-08-28T07:54:17.599088+00:00
335,governing,3,B2,3,B2,True,0.446,2026-08-28T07:53:40.115267+00:00,2026-08-28T07:54:17.599088+00:00
336,grab,3,B2,1,A2,False,0.3834,2026-08-28T07:53:40.115267+00:00,2026-08-28T07:54:17.599088+00:00
337,gradually,3,B2,3,B2,True,0.4537,2026-08-28T07:53:40.115267+00:00,2026-08-28T07:54:17.599088+00:00
338,grand,2,B1,0,A1,False,0.3612,2026-08-28T07:53:40.115267+00:00,2026-08-28T07:54:17.599088+00:00
339,grasp,2,B1,3,B2,False,0.6252,2026-08-28T07:53:40.115267+00:00,2026-08-28T07:54:17.599088+00:00
340,gray,0,A1,0,A1,True,0.3677,2026-08-28T07:53:40.115267+00:00,2026-08-28T07:54:17.599088+00:00
341,greater,2,B1,2,B1,True,0.8352,2026-08-28T07:53:40.115267+00:00,2026-08-28T07:54:17.599088+00:00
342,green,1,A2,0,A1,False,0.6104,2026-08-28T07:53:40.115267+00:00,2026-08-28T07:54:17.599088+00:00
343,growing,1,A2,1,A2,True,0.4677,2026-08-28T07:53:40.115267+00:00,2026-08-28T07:54:17.599088+00:00
344,guest,1,A2,0,A1,False,0.5494,2026-08-28T07:53:40.115267+00:00,2026-08-28T07:54:17.599088+00:00
345,guidebook,1,A2,2,B1,False,0.4305,2026-08-28T07:53:40.115267+00:00,2026-08-28T07:54:17.599088+00:00
346,guilt,2,B1,3,B2,False,0.6004,2026-08-28T07:53:40.115267+00:00,2026-08-28T07:54:17.599088+00:00
347,hallucination,3,B2,4,C1,False,0.7913,2026-08-28T07:53:40.115267+00:00,2026-08-28T07:54:17.599088+00:00
348,halt,2,B1,4,C1,False,0.4428,2026-08-28T07:53:40.115267+00:00,2026-08-28T07:54:17.599088+00:00
349,hand,1,A2,1,A2,True,0.5488,2026-08-28T07:53:40.115267+00:00,2026-08-28T07:54:17.599088+00:00
350,handful,2,B1,2,B1,True,0.3545,2026-08-28T07:53:40.115267+00:00,2026-08-28T07:54:17.599088+00:00
351,handicap,2,B1,3,B2,False,0.4431,2026-08-28T07:53:40.115267+00:00,2026-08-28T07:54:17.599088+00:00
352,handle,2,B1,2,B1,True,0.5729,2026-08-28T07:53:40.115267+00:00,2026-08-28T07:54:17.599088+00:00
353,handling,2,B1,3,B2,False,0.3632,2026-08-28T07:53:40.115267+00:00,2026-08-28T07:54:17.599088+00:00
354,hardest,1,A2,2,B1,False,0.3598,2026-08-28T07:53:40.115267+00:00,2026-08-28T07:54:17.599088+00:00
355,hazard,3,B2,2,B1,False,0.4513,2026-08-28T07:53:40.115267+00:00,2026-08-28T07:54:17.599088+00:00
356,head,0,A1,0,A1,True,0.6046,2026-08-28T07:53:40.115267+00:00,2026-08-28T07:54:17.599088+00:00
357,heading,3,B2,1,A2,False,0.4462,2026-08-28T07:53:40.115267+00:00,2026-08-28T07:54:17.599088+00:00
358,heavyweight,2,B1,3,B2,False,0.4098,2026-08-28T07:53:40.115267+00:00,2026-08-28T07:54:17.599088+00:00
359,helicopter,1,A2,2,B1,False,0.371,2026-08-28T07:53:40.115267+00:00,2026-08-28T07:54:17.599088+00:00
360,hepatitis,3,B2,3,B2,True,0.7439,2026-08-28T07:53:40.115267+00:00,2026-08-28T07:54:17.599088+00:00
361,heritage,4,C1,2,B1,False,0.6046,2026-08-28T07:53:40.115267+00:00,2026-08-28T07:54:17.599088+00:00
362,hey,0,A1,0,A1,True,0.7107,2026-08-28T07:53:40.115267+00:00,2026-08-28T07:54:17.599088+00:00
363,hierarchy,4,C1,3,B2,False,0.7113,2026-08-28T07:53:40.115267+00:00,2026-08-28T07:54:17.599088+00:00
364,highlight,2,B1,2,B1,True,0.6582,2026-08-28T07:53:40.115267+00:00,2026-08-28T07:54:17.599088+00:00
365,hillside,2,B1,3,B2,False,0.417,2026-08-28T07:53:40.115267+00:00,2026-08-28T07:54:17.599088+00:00
366,hint,2,B1,3,B2,False,0.5304,2026-08-28T07:53:40.115267+00:00,2026-08-28T07:54:17.599088+00:00
367,holidaymaker,2,B1,4,C1,False,0.5908,2026-08-28T07:53:40.115267+00:00,2026-08-28T07:54:17.599088+00:00
368,hon,3,B2,4,C1,False,0.3421,2026-08-28T07:53:40.115267+00:00,2026-08-28T07:54:17.599088+00:00
369,honey,1,A2,0,A1,False,0.4207,2026-08-28T07:53:40.115267+00:00,2026-08-28T07:54:17.599088+00:00
370,hour,0,A1,0,A1,True,0.6707,2026-08-28T07:53:40.115267+00:00,2026-08-28T07:54:17.599088+00:00
371,however,1,A2,1,A2,True,0.5027,2026-08-28T07:53:40.115267+00:00,2026-08-28T07:54:17.599088+00:00
372,huge,1,A2,1,A2,True,0.4748,2026-08-28T07:53:40.115267+00:00,2026-08-28T07:54:17.599088+00:00
373,humour,2,B1,3,B2,False,0.4455,2026-08-28T07:53:40.115267+00:00,2026-08-28T07:54:17.599088+00:00
374,hut,2,B1,0,A1,False,0.4101,2026-08-28T07:53:40.115267+00:00,2026-08-28T07:54:17.599088+00:00
375,illustration,2,B1,2,B1,True,0.4382,2026-08-28T07:53:40.115267+00:00,2026-08-28T07:54:17.599088+00:00
376,imply,4,C1,3,B2,False,0.5956,2026-08-28T07:53:40.115267+00:00,2026-08-28T07:54:17.599088+00:00
377,improve,2,B1,2,B1,True,0.4698,2026-08-28T07:53:40.115267+00:00,2026-08-28T07:54:17.599088+00:00
378,improvisation,3,B2,3,B2,True,0.5141,2026-08-28T07:53:40.115267+00:00,2026-08-28T07:54:17.599088+00:00
379,incentive,3,B2,2,B1,False,0.4264,2026-08-28T07:53:40.115267+00:00,2026-08-28T07:54:17.599088+00:00
380,inception,3,B2,4,C1,False,0.6316,2026-08-28T07:53:40.115267+00:00,2026-08-28T07:54:17.599088+00:00
381,increasingly,2,B1,2,B1,True,0.6418,2026-08-28T07:53:40.115267+00:00,2026-08-28T07:54:17.599088+00:00
382,indication,3,B2,3,B2,True,0.3966,2026-08-28T07:53:40.115267+00:00,2026-08-28T07:54:17.599088+00:00
383,inevitable,4,C1,3,B2,False,0.4639,2026-08-28T07:53:40.115267+00:00,2026-08-28T07:54:17.599088+00:00
384,infection,2,B1,3,B2,False,0.643,2026-08-28T07:53:40.115267+00:00,2026-08-28T07:54:17.599088+00:00
385,initially,3,B2,3,B2,True,0.4465,2026-08-28T07:53:40.115267+00:00,2026-08-28T07:54:17.599088+00:00
386,initiative,3,B2,3,B2,True,0.596,2026-08-28T07:53:40.115267+00:00,2026-08-28T07:54:17.599088+00:00
387,injury,1,A2,1,A2,True,0.5822,2026-08-28T07:53:40.115267+00:00,2026-08-28T07:54:17.599088+00:00
388,instantly,2,B1,2,B1,True,0.4141,2026-08-28T07:53:40.115267+00:00,2026-08-28T07:54:17.599088+00:00
389,instead,2,B1,1,A2,False,0.519,2026-08-28T07:53:40.115267+00:00,2026-08-28T07:54:17.599088+00:00
390,instruction,1,A2,3,B2,False,0.4844,2026-08-28T07:53:40.115267+00:00,2026-08-28T07:54:17.599088+00:00
391,instrument,0,A1,2,B1,False,0.3952,2026-08-28T07:53:40.115267+00:00,2026-08-28T07:54:17.599088+00:00
392,integration,3,B2,4,C1,False,0.4935,2026-08-28T07:53:40.115267+00:00,2026-08-28T07:54:17.599088+00:00
393,intelligence,2,B1,2,B1,True,0.8163,2026-08-28T07:53:40.115267+00:00,2026-08-28T07:54:17.599088+00:00
394,intention,3,B2,3,B2,True,0.5372,2026-08-28T07:53:40.115267+00:00,2026-08-28T07:54:17.599088+00:00
395,interfere,3,B2,3,B2,True,0.5313,2026-08-28T07:53:40.115267+00:00,2026-08-28T07:54:17.599088+00:00
396,interpret,2,B1,3,B2,False,0.4295,2026-08-28T07:53:40.115267+00:00,2026-08-28T07:54:17.599088+00:00
397,interrogate,4,C1,4,C1,True,0.5279,2026-08-28T07:53:40.115267+00:00,2026-08-28T07:54:17.599088+00:00
398,into,1,A2,1,A2,True,0.4836,2026-08-28T07:53:40.115267+00:00,2026-08-28T07:54:17.599088+00:00
399,invent,1,A2,3,B2,False,0.3527,2026-08-28T07:53:40.115267+00:00,2026-08-28T07:54:17.599088+00:00
400,investment,3,B2,2,B1,False,0.376,2026-08-28T07:53:40.115267+00:00,2026-08-28T07:54:17.599088+00:00
401,invite,1,A2,2,B1,False,0.4437,2026-08-28T07:53:40.115267+00:00,2026-08-28T07:54:17.599088+00:00
402,ironically,3,B2,3,B2,True,0.5044,2026-08-28T07:53:40.115267+00:00,2026-08-28T07:54:17.599088+00:00
403,isle,2,B1,0,A1,False,0.3089,2026-08-28T07:53:40.115267+00:00,2026-08-28T07:54:17.599088+00:00
404,israel,0,A1,2,B1,False,0.4624,2026-08-28T07:53:40.115267+00:00,2026-08-28T07:54:17.599088+00:00
405,jaw,1,A2,1,A2,True,0.3303,2026-08-28T07:53:40.115267+00:00,2026-08-28T07:54:17.599088+00:00
406,jewish,2,B1,1,A2,False,0.3605,2026-08-28T07:53:40.115267+00:00,2026-08-28T07:54:17.599088+00:00
407,jubilee,2,B1,3,B2,False,0.7265,2026-08-28T07:53:40.115267+00:00,2026-08-28T07:54:17.599088+00:00
408,judicial,3,B2,4,C1,False,0.5846,2026-08-28T07:53:40.115267+00:00,2026-08-28T07:54:17.599088+00:00
409,jurisdiction,4,C1,3,B2,False,0.5033,2026-08-28T07:53:40.115267+00:00,2026-08-28T07:54:17.599088+00:00
410,kg,0,A1,1,A2,False,0.3742,2026-08-28T07:53:40.115267+00:00,2026-08-28T07:54:17.599088+00:00
411,kill,0,A1,1,A2,False,0.7084,2026-08-28T07:53:40.115267+00:00,2026-08-28T07:54:17.599088+00:00
412,lager,4,C1,3,B2,False,0.3053,2026-08-28T07:53:40.115267+00:00,2026-08-28T07:54:17.599088+00:00
413,land,1,A2,1,A2,True,0.668,2026-08-28T07:53:40.115267+00:00,2026-08-28T07:54:17.599088+00:00
414,landing,3,B2,1,A2,False,0.4328,2026-08-28T07:53:40.115267+00:00,2026-08-28T07:54:17.599088+00:00
415,language,0,A1,1,A2,False,0.5269,2026-08-28T07:53:40.115267+00:00,2026-08-28T07:54:17.599088+00:00
416,largely,1,A2,2,B1,False,0.6332,2026-08-28T07:53:40.115267+00:00,2026-08-28T07:54:17.599088+00:00
417,lavatory,1,A2,3,B2,False,0.4182,2026-08-28T07:53:40.115267+00:00,2026-08-28T07:54:17.599088+00:00
418,leading,2,B1,0,A1,False,0.3434,2026-08-28T07:53:40.115267+00:00,2026-08-28T07:54:17.599088+00:00
419,learn,1,A2,0,A1,False,0.5901,2026-08-28T07:53:40.115267+00:00,2026-08-28T07:54:17.599088+00:00
420,legal,1,A2,2,B1,False,0.6847,2026-08-28T07:53:40.115267+00:00,2026-08-28T07:54:17.599088+00:00
421,less,1,A2,1,A2,True,0.5371,2026-08-28T07:53:40.115267+00:00,2026-08-28T07:54:17.599088+00:00
422,let,0,A1,0,A1,True,0.6546,2026-08-28T07:53:40.115267+00:00,2026-08-28T07:54:17.599088+00:00
423,lever,4,C1,3,B2,False,0.5359,2026-08-28T07:53:40.115267+00:00,2026-08-28T07:54:17.599088+00:00
424,liable,3,B2,3,B2,True,0.5784,2026-08-28T07:53:40.115267+00:00,2026-08-28T07:54:17.599088+00:00
425,lifting,3,B2,2,B1,False,0.4232,2026-08-28T07:53:40.115267+00:00,2026-08-28T07:54:17.599088+00:00
426,limit,1,A2,2,B1,False,0.5955,2026-08-28T07:53:40.115267+00:00,2026-08-28T07:54:17.599088+00:00
427,limitation,3,B2,3,B2,True,0.636,2026-08-28T07:53:40.115267+00:00,2026-08-28T07:54:17.599088+00:00
428,lip,1,A2,1,A2,True,0.5121,2026-08-28T07:53:40.115267+00:00,2026-08-28T07:54:17.599088+00:00
429,literature,2,B1,2,B1,True,0.3946,2026-08-28T07:53:40.115267+00:00,2026-08-28T07:54:17.599088+00:00
430,loaf,0,A1,1,A2,False,0.4288,2026-08-28T07:53:40.115267+00:00,2026-08-28T07:54:17.599088+00:00
431,locate,1,A2,3,B2,False,0.4361,2026-08-28T07:53:40.115267+00:00,2026-08-28T07:54:17.599088+00:00
432,locomotive,4,C1,4,C1,True,0.316,2026-08-28T07:53:40.115267+00:00,2026-08-28T07:54:17.599088+00:00
433,loop,3,B2,2,B1,False,0.3334,2026-08-28T07:53:40.115267+00:00,2026-08-28T07:54:17.599088+00:00
434,lords,2,B1,3,B2,False,0.6725,2026-08-28T07:53:40.115267+00:00,2026-08-28T07:54:17.599088+00:00
435,loudspeaker,2,B1,3,B2,False,0.5445,2026-08-28T07:53:40.115267+00:00,2026-08-28T07:54:17.599088+00:00
436,make,0,A1,0,A1,True,0.7442,2026-08-28T07:53:40.115267+00:00,2026-08-28T07:54:17.599088+00:00
437,malt,3,B2,3,B2,True,0.3054,2026-08-28T07:53:40.115267+00:00,2026-08-28T07:54:17.599088+00:00
438,management,2,B1,2,B1,True,0.8744,2026-08-28T07:53:40.115267+00:00,2026-08-28T07:54:17.599088+00:00
439,managing,2,B1,3,B2,False,0.5333,2026-08-28T07:53:40.115267+00:00,2026-08-28T07:54:17.599088+00:00
440,many,1,A2,0,A1,False,0.5163,2026-08-28T07:53:40.115267+00:00,2026-08-28T07:54:17.599088+00:00
441,marathon,1,A2,2,B1,False,0.4206,2026-08-28T07:53:40.115267+00:00,2026-08-28T07:54:17.599088+00:00
442,marginal,3,B2,3,B2,True,0.658,2026-08-28T07:53:40.115267+00:00,2026-08-28T07:54:17.599088+00:00
443,mask,1,A2,3,B2,False,0.3518,2026-08-28T07:53:40.115267+00:00,2026-08-28T07:54:17.599088+00:00
444,massive,3,B2,2,B1,False,0.5389,2026-08-28T07:53:40.115267+00:00,2026-08-28T07:54:17.599088+00:00
445,mean,1,A2,1,A2,True,0.6908,2026-08-28T07:53:40.115267+00:00,2026-08-28T07:54:17.599088+00:00
446,mechanically,2,B1,3,B2,False,0.6576,2026-08-28T07:53:40.115267+00:00,2026-08-28T07:54:17.599088+00:00
447,medal,1,A2,2,B1,False,0.4177,2026-08-28T07:53:40.115267+00:00,2026-08-28T07:54:17.599088+00:00
448,medallist,2,B1,3,B2,False,0.5188,2026-08-28T07:53:40.115267+00:00,2026-08-28T07:54:17.599088+00:00
449,memory,2,B1,2,B1,True,0.5102,2026-08-28T07:53:40.115267+00:00,2026-08-28T07:54:17.599088+00:00
450,mend,2,B1,4,C1,False,0.752,2026-08-28T07:53:40.115267+00:00,2026-08-28T07:54:17.599088+00:00
451,menu,0,A1,0,A1,True,0.3641,2026-08-28T07:53:40.115267+00:00,2026-08-28T07:54:17.599088+00:00
452,merchant,2,B1,1,A2,False,0.4242,2026-08-28T07:53:40.115267+00:00,2026-08-28T07:54:17.599088+00:00
453,mere,3,B2,3,B2,True,0.5048,2026-08-28T07:53:40.115267+00:00,2026-08-28T07:54:17.599088+00:00
454,meridian,3,B2,4,C1,False,0.675,2026-08-28T07:53:40.115267+00:00,2026-08-28T07:54:17.599088+00:00
455,merit,4,C1,3,B2,False,0.542,2026-08-28T07:53:40.115267+00:00,2026-08-28T07:54:17.599088+00:00
456,mile,1,A2,1,A2,True,0.5586,2026-08-28T07:53:40.115267+00:00,2026-08-28T07:54:17.599088+00:00
457,miller,3,B2,1,A2,False,0.4674,2026-08-28T07:53:40.115267+00:00,2026-08-28T07:54:17.599088+00:00
458,million,0,A1,1,A2,False,0.5776,2026-08-28T07:53:40.115267+00:00,2026-08-28T07:54:17.599088+00:00
459,miner,2,B1,2,B1,True,0.3832,2026-08-28T07:53:40.115267+00:00,2026-08-28T07:54:17.599088+00:00
460,misery,2,B1,3,B2,False,0.4116,2026-08-28T07:53:40.115267+00:00,2026-08-28T07:54:17.599088+00:00
461,mode,2,B1,3,B2,False,0.4607,2026-08-28T07:53:40.115267+00:00,2026-08-28T07:54:17.599088+00:00
462,modulate,4,C1,3,B2,False,0.5239,2026-08-28T07:53:40.115267+00:00,2026-08-28T07:54:17.599088+00:00
463,module,2,B1,3,B2,False,0.6727,2026-08-28T07:53:40.115267+00:00,2026-08-28T07:54:17.599088+00:00
464,money,0,A1,0,A1,True,0.483,2026-08-28T07:53:40.115267+00:00,2026-08-28T07:54:17.599088+00:00
465,monoxide,3,B2,4,C1,False,0.3805,2026-08-28T07:53:40.115267+00:00,2026-08-28T07:54:17.599088+00:00
466,moor,3,B2,3,B2,True,0.5864,2026-08-28T07:53:40.115267+00:00,2026-08-28T07:54:17.599088+00:00
467,moreover,1,A2,3,B2,False,0.4687,2026-08-28T07:53:40.115267+00:00,2026-08-28T07:54:17.599088+00:00
468,most,1,A2,0,A1,False,0.5709,2026-08-28T07:53:40.115267+00:00,2026-08-28T07:54:17.599088+00:00
469,mountain,0,A1,0,A1,True,0.5013,2026-08-28T07:53:40.115267+00:00,2026-08-28T07:54:17.599088+00:00
470,mountaineering,3,B2,4,C1,False,0.4877,2026-08-28T07:53:40.115267+00:00,2026-08-28T07:54:17.599088+00:00
471,mum,0,A1,0,A1,True,0.4523,2026-08-28T07:53:40.115267+00:00,2026-08-28T07:54:17.599088+00:00
472,musician,0,A1,1,A2,False,0.4562,2026-08-28T07:53:40.115267+00:00,2026-08-28T07:54:17.599088+00:00
473,must,1,A2,1,A2,True,0.7587,2026-08-28T07:53:40.115267+00:00,2026-08-28T07:54:17.599088+00:00
474,myself,1,A2,0,A1,False,0.6144,2026-08-28T07:53:40.115267+00:00,2026-08-28T07:54:17.599088+00:00
475,national,2,B1,2,B1,True,0.396,2026-08-28T07:53:40.115267+00:00,2026-08-28T07:54:17.599088+00:00
476,navigation,3,B2,3,B2,True,0.3806,2026-08-28T07:53:40.115267+00:00,2026-08-28T07:54:17.599088+00:00
477,negotiate,2,B1,3,B2,False,0.4693,2026-08-28T07:53:40.115267+00:00,2026-08-28T07:54:17.599088+00:00
478,neighbourhood,0,A1,3,B2,False,0.4025,2026-08-28T07:53:40.115267+00:00,2026-08-28T07:54:17.599088+00:00
479,net,2,B1,1,A2,False,0.3853,2026-08-28T07:53:40.115267+00:00,2026-08-28T07:54:17.599088+00:00
480,node,4,C1,3,B2,False,0.5436,2026-08-28T07:53:40.115267+00:00,2026-08-28T07:54:17.599088+00:00
481,norm,3,B2,2,B1,False,0.4895,2026-08-28T07:53:40.115267+00:00,2026-08-28T07:54:17.599088+00:00
482,normal,1,A2,2,B1,False,0.5341,2026-08-28T07:53:40.115267+00:00,2026-08-28T07:54:17.599088+00:00
483,normally,1,A2,2,B1,False,0.6663,2026-08-28T07:53:40.115267+00:00,2026-08-28T07:54:17.599088+00:00
484,norman,3,B2,1,A2,False,0.5815,2026-08-28T07:53:40.115267+00:00,2026-08-28T07:54:17.599088+00:00
485,northern,1,A2,0,A1,False,0.4233,2026-08-28T07:53:40.115267+00:00,2026-08-28T07:54:17.599088+00:00
486,object,1,A2,2,B1,False,0.5031,2026-08-28T07:53:40.115267+00:00,2026-08-28T07:54:17.599088+00:00
487,observer,3,B2,2,B1,False,0.5367,2026-08-28T07:53:40.115267+00:00,2026-08-28T07:54:17.599088+00:00
488,obtain,2,B1,2,B1,True,0.4284,2026-08-28T07:53:40.115267+00:00,2026-08-28T07:54:17.599088+00:00
489,offence,3,B2,2,B1,False,0.4319,2026-08-28T07:53:40.115267+00:00,2026-08-28T07:54:17.599088+00:00
490,offender,3,B2,3,B2,True,0.3571,2026-08-28T07:53:40.115267+00:00,2026-08-28T07:54:17.599088+00:00
491,officially,2,B1,3,B2,False,0.3664,2026-08-28T07:53:40.115267+00:00,2026-08-28T07:54:17.599088+00:00
492,oh,0,A1,0,A1,True,0.8688,2026-08-28T07:53:40.115267+00:00,2026-08-28T07:54:17.599088+00:00
493,okay,0,A1,1,A2,False,0.5721,2026-08-28T07:53:40.115267+00:00,2026-08-28T07:54:17.599088+00:00
494,on,0,A1,0,A1,True,0.7727,2026-08-28T07:53:40.115267+00:00,2026-08-28T07:54:17.599088+00:00
495,onto,2,B1,1,A2,False,0.5507,2026-08-28T07:53:40.115267+00:00,2026-08-28T07:54:17.599088+00:00
496,operate,1,A2,3,B2,False,0.4954,2026-08-28T07:53:40.115267+00:00,2026-08-28T07:54:17.599088+00:00
497,orange,0,A1,0,A1,True,0.5039,2026-08-28T07:53:40.115267+00:00,2026-08-28T07:54:17.599088+00:00
498,ordinary,2,B1,3,B2,False,0.4411,2026-08-28T07:53:40.115267+00:00,2026-08-28T07:54:17.599088+00:00
499,organism,2,B1,3,B2,False,0.7534,2026-08-28T07:53:40.115267+00:00,2026-08-28T07:54:17.599088+00:00
500,oven,0,A1,1,A2,False,0.8325,2026-08-28T07:53:40.115267+00:00,2026-08-28T07:54:17.599088+00:00
501,oxygen,2,B1,2,B1,True,0.6085,2026-08-28T07:53:40.115267+00:00,2026-08-28T07:54:17.599088+00:00
502,package,2,B1,2,B1,True,0.428,2026-08-28T07:53:40.115267+00:00,2026-08-28T07:54:17.599088+00:00
503,palace,1,A2,1,A2,True,0.458,2026-08-28T07:53:40.115267+00:00,2026-08-28T07:54:17.599088+00:00
504,panoramic,2,B1,3,B2,False,0.5489,2026-08-28T07:53:40.115267+00:00,2026-08-28T07:54:17.599088+00:00
505,pardon,1,A2,3,B2,False,0.4096,2026-08-28T07:53:40.115267+00:00,2026-08-28T07:54:17.599088+00:00
506,parliament,2,B1,2,B1,True,0.4459,2026-08-28T07:53:40.115267+00:00,2026-08-28T07:54:17.599088+00:00
507,parole,3,B2,1,A2,False,0.3156,2026-08-28T07:53:40.115267+00:00,2026-08-28T07:54:17.599088+00:00
508,part,0,A1,1,A2,False,0.4474,2026-08-28T07:53:40.115267+00:00,2026-08-28T07:54:17.599088+00:00
509,partition,4,C1,3,B2,False,0.7278,2026-08-28T07:53:40.115267+00:00,2026-08-28T07:54:17.599088+00:00
510,payable,3,B2,4,C1,False,0.5586,2026-08-28T07:53:40.115267+00:00,2026-08-28T07:54:17.599088+00:00
511,pc,0,A1,3,B2,False,0.4051,2026-08-28T07:53:40.115267+00:00,2026-08-28T07:54:17.599088+00:00
512,peak,3,B2,1,A2,False,0.2879,2026-08-28T07:53:40.115267+00:00,2026-08-28T07:54:17.599088+00:00
513,peculiar,3,B2,4,C1,False,0.499,2026-08-28T07:53:40.115267+00:00,2026-08-28T07:54:17.599088+00:00
514,penalty,3,B2,3,B2,True,0.4304,2026-08-28T07:53:40.115267+00:00,2026-08-28T07:54:17.599088+00:00
515,pension,2,B1,2,B1,True,0.4036,2026-08-28T07:53:40.115267+00:00,2026-08-28T07:54:17.599088+00:00
516,period,1,A2,2,B1,False,0.5434,2026-08-28T07:53:40.115267+00:00,2026-08-28T07:54:17.599088+00:00
517,pessimistic,1,A2,2,B1,False,0.4522,2026-08-28T07:53:40.115267+00:00,2026-08-28T07:54:17.599088+00:00
518,pet,1,A2,0,A1,False,0.5488,2026-08-28T07:53:40.115267+00:00,2026-08-28T07:54:17.599088+00:00
519,philosophy,2,B1,1,A2,False,0.6108,2026-08-28T07:53:40.115267+00:00,2026-08-28T07:54:17.599088+00:00
520,phoneme,4,C1,4,C1,True,0.6287,2026-08-28T07:53:40.115267+00:00,2026-08-28T07:54:17.599088+00:00
521,photocopier,1,A2,3,B2,False,0.523,2026-08-28T07:53:40.115267+00:00,2026-08-28T07:54:17.599088+00:00
522,physical,2,B1,2,B1,True,0.5368,2026-08-28T07:53:40.115267+00:00,2026-08-28T07:54:17.599088+00:00
523,picture,0,A1,1,A2,False,0.4002,2026-08-28T07:53:40.115267+00:00,2026-08-28T07:54:17.599088+00:00
524,pile,2,B1,1,A2,False,0.5665,2026-08-28T07:53:40.115267+00:00,2026-08-28T07:54:17.599088+00:00
525,pink,0,A1,0,A1,True,0.4957,2026-08-28T07:53:40.115267+00:00,2026-08-28T07:54:17.599088+00:00
526,pity,2,B1,3,B2,False,0.5157,2026-08-28T07:53:40.115267+00:00,2026-08-28T07:54:17.599088+00:00
527,plastic,1,A2,1,A2,True,0.5634,2026-08-28T07:53:40.115267+00:00,2026-08-28T07:54:17.599088+00:00
528,platform,2,B1,3,B2,False,0.3767,2026-08-28T07:53:40.115267+00:00,2026-08-28T07:54:17.599088+00:00
529,player,1,A2,0,A1,False,0.4042,2026-08-28T07:53:40.115267+00:00,2026-08-28T07:54:17.599088+00:00
530,please,1,A2,0,A1,False,0.7532,2026-08-28T07:53:40.115267+00:00,2026-08-28T07:54:17.599088+00:00
531,politics,1,A2,2,B1,False,0.6013,2026-08-28T07:53:40.115267+00:00,2026-08-28T07:54:17.599088+00:00
532,possess,2,B1,3,B2,False,0.6153,2026-08-28T07:53:40.115267+00:00,2026-08-28T07:54:17.599088+00:00
533,potential,2,B1,2,B1,True,0.8455,2026-08-28T07:53:40.115267+00:00,2026-08-28T07:54:17.599088+00:00
534,power,1,A2,1,A2,True,0.7169,2026-08-28T07:53:40.115267+00:00,2026-08-28T07:54:17.599088+00:00
535,practical,3,B2,1,A2,False,0.4094,2026-08-28T07:53:40.115267+00:00,2026-08-28T07:54:17.599088+00:00
536,practise,1,A2,3,B2,False,0.532,2026-08-28T07:53:40.115267+00:00,2026-08-28T07:54:17.599088+00:00
537,press,2,B1,2,B1,True,0.4551,2026-08-28T07:53:40.115267+00:00,2026-08-28T07:54:17.599088+00:00
538,previous,2,B1,2,B1,True,0.6411,2026-08-28T07:53:40.115267+00:00,2026-08-28T07:54:17.599088+00:00
539,prey,2,B1,3,B2,False,0.4516,2026-08-28T07:53:40.115267+00:00,2026-08-28T07:54:17.599088+00:00
540,priest,1,A2,1,A2,True,0.4808,2026-08-28T07:53:40.115267+00:00,2026-08-28T07:54:17.599088+00:00
541,privilege,3,B2,3,B2,True,0.6671,2026-08-28T07:53:40.115267+00:00,2026-08-28T07:54:17.599088+00:00
542,profitable,2,B1,3,B2,False,0.3744,2026-08-28T07:53:40.115267+00:00,2026-08-28T07:54:17.599088+00:00
543,progressive,4,C1,3,B2,False,0.4765,2026-08-28T07:53:40.115267+00:00,2026-08-28T07:54:17.599088+00:00
544,prompt,2,B1,3,B2,False,0.3778,2026-08-28T07:53:40.115267+00:00,2026-08-28T07:54:17.599088+00:00
545,prove,2,B1,2,B1,True,0.7263,2026-08-28T07:53:40.115267+00:00,2026-08-28T07:54:17.599088+00:00
546,provide,2,B1,2,B1,True,0.8106,2026-08-28T07:53:40.115267+00:00,2026-08-28T07:54:17.599088+00:00
547,publicity,4,C1,2,B1,False,0.4818,2026-08-28T07:53:40.115267+00:00,2026-08-28T07:54:17.599088+00:00
548,publish,2,B1,2,B1,True,0.5681,2026-08-28T07:53:40.115267+00:00,2026-08-28T07:54:17.599088+00:00
549,punishment,2,B1,2,B1,True,0.4863,2026-08-28T07:53:40.115267+00:00,2026-08-28T07:54:17.599088+00:00
550,purchase,3,B2,2,B1,False,0.4325,2026-08-28T07:53:40.115267+00:00,2026-08-28T07:54:17.599088+00:00
551,pursue,3,B2,3,B2,True,0.4572,2026-08-28T07:53:40.115267+00:00,2026-08-28T07:54:17.599088+00:00
552,quality,2,B1,2,B1,True,0.7879,2026-08-28T07:53:40.115267+00:00,2026-08-28T07:54:17.599088+00:00
553,quantity,2,B1,3,B2,False,0.6792,2026-08-28T07:53:40.115267+00:00,2026-08-28T07:54:17.599088+00:00
554,quick,1,A2,1,A2,True,0.6188,2026-08-28T07:53:40.115267+00:00,2026-08-28T07:54:17.599088+00:00
555,quite,2,B1,1,A2,False,0.498,2026-08-28T07:53:40.115267+00:00,2026-08-28T07:54:17.599088+00:00
556,raid,3,B2,3,B2,True,0.4785,2026-08-28T07:53:40.115267+00:00,2026-08-28T07:54:17.599088+00:00
557,range,3,B2,1,A2,False,0.417,2026-08-28T07:53:40.115267+00:00,2026-08-28T07:54:17.599088+00:00
558,rat,1,A2,1,A2,True,0.3482,2026-08-28T07:53:40.115267+00:00,2026-08-28T07:54:17.599088+00:00
559,reactive,3,B2,3,B2,True,0.5687,2026-08-28T07:53:40.115267+00:00,2026-08-28T07:54:17.599088+00:00
560,reactivity,3,B2,4,C1,False,0.7137,2026-08-28T07:53:40.115267+00:00,2026-08-28T07:54:17.599088+00:00
561,readily,4,C1,3,B2,False,0.5375,2026-08-28T07:53:40.115267+00:00,2026-08-28T07:54:17.599088+00:00
562,realise,2,B1,3,B2,False,0.5315,2026-08-28T07:53:40.115267+00:00,2026-08-28T07:54:17.599088+00:00
563,receding,3,B2,3,B2,True,0.4469,2026-08-28T07:53:40.115267+00:00,2026-08-28T07:54:17.599088+00:00
564,receive,1,A2,2,B1,False,0.7753,2026-08-28T07:53:40.115267+00:00,2026-08-28T07:54:17.599088+00:00
565,reception,2,B1,1,A2,False,0.3869,2026-08-28T07:53:40.115267+00:00,2026-08-28T07:54:17.599088+00:00
566,recession,4,C1,2,B1,False,0.4164,2026-08-28T07:53:40.115267+00:00,2026-08-28T07:54:17.599088+00:00
567,recommend,2,B1,2,B1,True,0.6645,2026-08-28T07:53:40.115267+00:00,2026-08-28T07:54:17.599088+00:00
568,recovery,2,B1,3,B2,False,0.454,2026-08-28T07:53:40.115267+00:00,2026-08-28T07:54:17.599088+00:00
569,reduction,3,B2,3,B2,True,0.5788,2026-08-28T07:53:40.115267+00:00,2026-08-28T07:54:17.599088+00:00
570,redundancy,3,B2,3,B2,True,0.4451,2026-08-28T07:53:40.115267+00:00,2026-08-28T07:54:17.599088+00:00
571,refer,2,B1,2,B1,True,0.5359,2026-08-28T07:53:40.115267+00:00,2026-08-28T07:54:17.599088+00:00
572,refugee,3,B2,3,B2,True,0.3204,2026-08-28T07:53:40.115267+00:00,2026-08-28T07:54:17.599088+00:00
573,reinforce,4,C1,4,C1,True,0.4818,2026-08-28T07:53:40.115267+00:00,2026-08-28T07:54:17.599088+00:00
574,related,3,B2,2,B1,False,0.8815,2026-08-28T07:53:40.115267+00:00,2026-08-28T07:54:17.599088+00:00
575,relax,1,A2,2,B1,False,0.4041,2026-08-28T07:53:40.115267+00:00,2026-08-28T07:54:17.599088+00:00
576,rely,3,B2,2,B1,False,0.5452,2026-08-28T07:53:40.115267+00:00,2026-08-28T07:54:17.599088+00:00
577,remove,2,B1,2,B1,True,0.7126,2026-08-28T07:53:40.115267+00:00,2026-08-28T07:54:17.599088+00:00
578,render,4,C1,3,B2,False,0.5645,2026-08-28T07:53:40.115267+00:00,2026-08-28T07:54:17.599088+00:00
579,repressed,3,B2,4,C1,False,0.6635,2026-08-28T07:53:40.115267+00:00,2026-08-28T07:54:17.599088+00:00
580,require,2,B1,2,B1,True,0.6656,2026-08-28T07:53:40.115267+00:00,2026-08-28T07:54:17.599088+00:00
581,requirement,3,B2,3,B2,True,0.5061,2026-08-28T07:53:40.115267+00:00,2026-08-28T07:54:17.599088+00:00
582,research,2,B1,1,A2,False,0.6025,2026-08-28T07:53:40.115267+00:00,2026-08-28T07:54:17.599088+00:00
583,researcher,2,B1,3,B2,False,0.4107,2026-08-28T07:53:40.115267+00:00,2026-08-28T07:54:17.599088+00:00
584,resistance,3,B2,3,B2,True,0.4994,2026-08-28T07:53:40.115267+00:00,2026-08-28T07:54:17.599088+00:00
585,resistor,3,B2,3,B2,True,0.7362,2026-08-28T07:53:40.115267+00:00,2026-08-28T07:54:17.599088+00:00
586,responsible,2,B1,2,B1,True,0.625,2026-08-28T07:53:40.115267+00:00,2026-08-28T07:54:17.599088+00:00
587,restriction,3,B2,3,B2,True,0.4316,2026-08-28T07:53:40.115267+00:00,2026-08-28T07:54:17.599088+00:00
588,resume,3,B2,2,B1,False,0.3764,2026-08-28T07:53:40.115267+00:00,2026-08-28T07:54:17.599088+00:00
589,revel,4,C1,4,C1,True,0.744,2026-08-28T07:53:40.115267+00:00,2026-08-28T07:54:17.599088+00:00
590,review,3,B2,2,B1,False,0.6233,2026-08-28T07:53:40.115267+00:00,2026-08-28T07:54:17.599088+00:00
591,revised,2,B1,3,B2,False,0.5769,2026-08-28T07:53:40.115267+00:00,2026-08-28T07:54:17.599088+00:00
592,revolt,3,B2,3,B2,True,0.5005,2026-08-28T07:53:40.115267+00:00,2026-08-28T07:54:17.599088+00:00
593,rival,2,B1,3,B2,False,0.4466,2026-08-28T07:53:40.115267+00:00,2026-08-28T07:54:17.599088+00:00
594,road,0,A1,1,A2,False,0.5415,2026-08-28T07:53:40.115267+00:00,2026-08-28T07:54:17.599088+00:00
595,roof,1,A2,1,A2,True,0.5435,2026-08-28T07:53:40.115267+00:00,2026-08-28T07:54:17.599088+00:00
596,root,3,B2,3,B2,True,0.2751,2026-08-28T07:53:40.115267+00:00,2026-08-28T07:54:17.599088+00:00
597,rotating,3,B2,3,B2,True,0.501,2026-08-28T07:53:40.115267+00:00,2026-08-28T07:54:17.599088+00:00
598,ruling,2,B1,3,B2,False,0.4331,2026-08-28T07:53:40.115267+00:00,2026-08-28T07:54:17.599088+00:00
599,russian,0,A1,0,A1,True,0.5879,2026-08-28T07:53:40.115267+00:00,2026-08-28T07:54:17.599088+00:00
600,sad,0,A1,1,A2,False,0.582,2026-08-28T07:53:40.115267+00:00,2026-08-28T07:54:17.599088+00:00
601,saint,2,B1,1,A2,False,0.4287,2026-08-28T07:53:40.115267+00:00,2026-08-28T07:54:17.599088+00:00
602,sale,1,A2,2,B1,False,0.4491,2026-08-28T07:53:40.115267+00:00,2026-08-28T07:54:17.599088+00:00
603,sales,1,A2,1,A2,True,0.4684,2026-08-28T07:53:40.115267+00:00,2026-08-28T07:54:17.599088+00:00
604,sardonic,4,C1,4,C1,True,0.7976,2026-08-28T07:53:40.115267+00:00,2026-08-28T07:54:17.599088+00:00
605,satisfaction,2,B1,3,B2,False,0.6516,2026-08-28T07:53:40.115267+00:00,2026-08-28T07:54:17.599088+00:00
606,sauce,1,A2,1,A2,True,0.4654,2026-08-28T07:53:40.115267+00:00,2026-08-28T07:54:17.599088+00:00
607,saving,2,B1,2,B1,True,0.414,2026-08-28T07:53:40.115267+00:00,2026-08-28T07:54:17.599088+00:00
608,scale,1,A2,2,B1,False,0.7813,2026-08-28T07:53:40.115267+00:00,2026-08-28T07:54:17.599088+00:00
609,school,0,A1,0,A1,True,0.6274,2026-08-28T07:53:40.115267+00:00,2026-08-28T07:54:17.599088+00:00
610,scourge,4,C1,4,C1,True,0.5097,2026-08-28T07:53:40.115267+00:00,2026-08-28T07:54:17.599088+00:00
611,searching,1,A2,1,A2,True,0.3929,2026-08-28T07:53:40.115267+00:00,2026-08-28T07:54:17.599088+00:00
612,secretary,0,A1,2,B1,False,0.7308,2026-08-28T07:53:40.115267+00:00,2026-08-28T07:54:17.599088+00:00
613,sectarian,4,C1,4,C1,True,0.5438,2026-08-28T07:53:40.115267+00:00,2026-08-28T07:54:17.599088+00:00
614,security,2,B1,2,B1,True,0.7114,2026-08-28T07:53:40.115267+00:00,2026-08-28T07:54:17.599088+00:00
615,seize,2,B1,3,B2,False,0.4798,2026-08-28T07:53:40.115267+00:00,2026-08-28T07:54:17.599088+00:00
616,selfishness,3,B2,4,C1,False,0.3992,2026-08-28T07:53:40.115267+00:00,2026-08-28T07:54:17.599088+00:00
617,seller,1,A2,1,A2,True,0.378,2026-08-28T07:53:40.115267+00:00,2026-08-28T07:54:17.599088+00:00
618,seminar,1,A2,3,B2,False,0.611,2026-08-28T07:53:40.115267+00:00,2026-08-28T07:54:17.599088+00:00
619,send,0,A1,0,A1,True,0.4493,2026-08-28T07:53:40.115267+00:00,2026-08-28T07:54:17.599088+00:00
620,sense,2,B1,2,B1,True,0.668,2026-08-28T07:53:40.115267+00:00,2026-08-28T07:54:17.599088+00:00
621,sentence,0,A1,2,B1,False,0.4562,2026-08-28T07:53:40.115267+00:00,2026-08-28T07:54:17.599088+00:00
622,server,2,B1,2,B1,True,0.5311,2026-08-28T07:53:40.115267+00:00,2026-08-28T07:54:17.599088+00:00
623,shallow,2,B1,2,B1,True,0.4348,2026-08-28T07:53:40.115267+00:00,2026-08-28T07:54:17.599088+00:00
624,she,0,A1,0,A1,True,0.9576,2026-08-28T07:53:40.115267+00:00,2026-08-28T07:54:17.599088+00:00
625,shine,2,B1,2,B1,True,0.3308,2026-08-28T07:53:40.115267+00:00,2026-08-28T07:54:17.599088+00:00
626,ship,1,A2,1,A2,True,0.4556,2026-08-28T07:53:40.115267+00:00,2026-08-28T07:54:17.599088+00:00
627,shot,1,A2,0,A1,False,0.7634,2026-08-28T07:53:40.115267+00:00,2026-08-28T07:54:17.599088+00:00
628,shout,2,B1,1,A2,False,0.4458,2026-08-28T07:53:40.115267+00:00,2026-08-28T07:54:17.599088+00:00
629,shroud,3,B2,4,C1,False,0.39,2026-08-28T07:53:40.115267+00:00,2026-08-28T07:54:17.599088+00:00
630,silver,1,A2,0,A1,False,0.8034,2026-08-28T07:53:40.115267+00:00,2026-08-28T07:54:17.599088+00:00
631,similarly,2,B1,2,B1,True,0.5161,2026-08-28T07:53:40.115267+00:00,2026-08-28T07:54:17.599088+00:00
632,slave,2,B1,1,A2,False,0.2974,2026-08-28T07:53:40.115267+00:00,2026-08-28T07:54:17.599088+00:00
633,sleep,0,A1,1,A2,False,0.7303,2026-08-28T07:53:40.115267+00:00,2026-08-28T07:54:17.599088+00:00
634,slight,1,A2,2,B1,False,0.5658,2026-08-28T07:53:40.115267+00:00,2026-08-28T07:54:17.599088+00:00
635,sloppy,3,B2,1,A2,False,0.3319,2026-08-28T07:53:40.115267+00:00,2026-08-28T07:54:17.599088+00:00
636,smear,2,B1,3,B2,False,0.5941,2026-08-28T07:53:40.115267+00:00,2026-08-28T07:54:17.599088+00:00
637,smile,0,A1,1,A2,False,0.4345,2026-08-28T07:53:40.115267+00:00,2026-08-28T07:54:17.599088+00:00
638,smoke,1,A2,1,A2,True,0.5353,2026-08-28T07:53:40.115267+00:00,2026-08-28T07:54:17.599088+00:00
639,snooker,4,C1,3,B2,False,0.4488,2026-08-28T07:53:40.115267+00:00,2026-08-28T07:54:17.599088+00:00
640,snow,0,A1,0,A1,True,0.6568,2026-08-28T07:53:40.115267+00:00,2026-08-28T07:54:17.599088+00:00
641,so,1,A2,0,A1,False,0.9163,2026-08-28T07:53:40.115267+00:00,2026-08-28T07:54:17.599088+00:00
642,soldier,1,A2,0,A1,False,0.4256,2026-08-28T07:53:40.115267+00:00,2026-08-28T07:54:17.599088+00:00
643,solid,2,B1,1,A2,False,0.4647,2026-08-28T07:53:40.115267+00:00,2026-08-28T07:54:17.599088+00:00
644,son,0,A1,0,A1,True,0.6666,2026-08-28T07:53:40.115267+00:00,2026-08-28T07:54:17.599088+00:00
645,sorry,0,A1,0,A1,True,0.4662,2026-08-28T07:53:40.115267+00:00,2026-08-28T07:54:17.599088+00:00
646,spare,1,A2,3,B2,False,0.4105,2026-08-28T07:53:40.115267+00:00,2026-08-28T07:54:17.599088+00:00
647,speaker,0,A1,2,B1,False,0.5435,2026-08-28T07:53:40.115267+00:00,2026-08-28T07:54:17.599088+00:00
648,spectral,4,C1,4,C1,True,0.4537,2026-08-28T07:53:40.115267+00:00,2026-08-28T07:54:17.599088+00:00
649,speculative,4,C1,3,B2,False,0.5696,2026-08-28T07:53:40.115267+00:00,2026-08-28T07:54:17.599088+00:00
650,spell,1,A2,1,A2,True,0.3004,2026-08-28T07:53:40.115267+00:00,2026-08-28T07:54:17.599088+00:00
651,spend,1,A2,0,A1,False,0.7177,2026-08-28T07:53:40.115267+00:00,2026-08-28T07:54:17.599088+00:00
652,spin,3,B2,1,A2,False,0.4759,2026-08-28T07:53:40.115267+00:00,2026-08-28T07:54:17.599088+00:00
653,spiritual,2,B1,2,B1,True,0.3996,2026-08-28T07:53:40.115267+00:00,2026-08-28T07:54:17.599088+00:00
654,spoil,2,B1,3,B2,False,0.4132,2026-08-28T07:53:40.115267+00:00,2026-08-28T07:54:17.599088+00:00
655,squad,3,B2,1,A2,False,0.4781,2026-08-28T07:53:40.115267+00:00,2026-08-28T07:54:17.599088+00:00
656,squash,1,A2,1,A2,True,0.4302,2026-08-28T07:53:40.115267+00:00,2026-08-28T07:54:17.599088+00:00
657,stab,2,B1,4,C1,False,0.4725,2026-08-28T07:53:40.115267+00:00,2026-08-28T07:54:17.599088+00:00
658,stage,2,B1,1,A2,False,0.6162,2026-08-28T07:53:40.115267+00:00,2026-08-28T07:54:17.599088+00:00
659,start,0,A1,1,A2,False,0.5532,2026-08-28T07:53:40.115267+00:00,2026-08-28T07:54:17.599088+00:00
660,stiff,2,B1,2,B1,True,0.5175,2026-08-28T07:53:40.115267+00:00,2026-08-28T07:54:17.599088+00:00
661,stock,3,B2,1,A2,False,0.4991,2026-08-28T07:53:40.115267+00:00,2026-08-28T07:54:17.599088+00:00
662,stone,0,A1,0,A1,True,0.4642,2026-08-28T07:53:40.115267+00:00,2026-08-28T07:54:17.599088+00:00
663,story,1,A2,0,A1,False,0.5218,2026-08-28T07:53:40.115267+00:00,2026-08-28T07:54:17.599088+00:00
664,straightforward,3,B2,2,B1,False,0.6389,2026-08-28T07:53:40.115267+00:00,2026-08-28T07:54:17.599088+00:00
665,strain,3,B2,3,B2,True,0.551,2026-08-28T07:53:40.115267+00:00,2026-08-28T07:54:17.599088+00:00
666,strong,0,A1,2,B1,False,0.5362,2026-08-28T07:53:40.115267+00:00,2026-08-28T07:54:17.599088+00:00
667,strongly,2,B1,3,B2,False,0.4558,2026-08-28T07:53:40.115267+00:00,2026-08-28T07:54:17.599088+00:00
668,studio,1,A2,0,A1,False,0.4331,2026-08-28T07:53:40.115267+00:00,2026-08-28T07:54:17.599088+00:00
669,stuff,2,B1,1,A2,False,0.634,2026-08-28T07:53:40.115267+00:00,2026-08-28T07:54:17.599088+00:00
670,substance,3,B2,2,B1,False,0.6333,2026-08-28T07:53:40.115267+00:00,2026-08-28T07:54:17.599088+00:00
671,substantially,3,B2,3,B2,True,0.7668,2026-08-28T07:53:40.115267+00:00,2026-08-28T07:54:17.599088+00:00
672,subtle,3,B2,2,B1,False,0.4394,2026-08-28T07:53:40.115267+00:00,2026-08-28T07:54:17.599088+00:00
673,succeed,2,B1,3,B2,False,0.6635,2026-08-28T07:53:40.115267+00:00,2026-08-28T07:54:17.599088+00:00
674,successive,2,B1,3,B2,False,0.5917,2026-08-28T07:53:40.115267+00:00,2026-08-28T07:54:17.599088+00:00
675,sue,3,B2,3,B2,True,0.456,2026-08-28T07:53:40.115267+00:00,2026-08-28T07:54:17.599088+00:00
676,suffer,3,B2,2,B1,False,0.6976,2026-08-28T07:53:40.115267+00:00,2026-08-28T07:54:17.599088+00:00
677,sufficiently,2,B1,2,B1,True,0.4896,2026-08-28T07:53:40.115267+00:00,2026-08-28T07:54:17.599088+00:00
678,suggestion,2,B1,3,B2,False,0.6195,2026-08-28T07:53:40.115267+00:00,2026-08-28T07:54:17.599088+00:00
679,suit,1,A2,2,B1,False,0.4563,2026-08-28T07:53:40.115267+00:00,2026-08-28T07:54:17.599088+00:00
680,supper,1,A2,1,A2,True,0.3995,2026-08-28T07:53:40.115267+00:00,2026-08-28T07:54:17.599088+00:00
681,supplement,3,B2,2,B1,False,0.5818,2026-08-28T07:53:40.115267+00:00,2026-08-28T07:54:17.599088+00:00
682,sure,0,A1,0,A1,True,0.6172,2026-08-28T07:53:40.115267+00:00,2026-08-28T07:54:17.599088+00:00
683,surprising,2,B1,2,B1,True,0.6166,2026-08-28T07:53:40.115267+00:00,2026-08-28T07:54:17.599088+00:00
684,surreal,4,C1,3,B2,False,0.4146,2026-08-28T07:53:40.115267+00:00,2026-08-28T07:54:17.599088+00:00
685,suture,3,B2,4,C1,False,0.7911,2026-08-28T07:53:40.115267+00:00,2026-08-28T07:54:17.599088+00:00
686,sweet,1,A2,0,A1,False,0.7842,2026-08-28T07:53:40.115267+00:00,2026-08-28T07:54:17.599088+00:00
687,swim,0,A1,1,A2,False,0.4446,2026-08-28T07:53:40.115267+00:00,2026-08-28T07:54:17.599088+00:00
688,switch,2,B1,2,B1,True,0.4606,2026-08-28T07:53:40.115267+00:00,2026-08-28T07:54:17.599088+00:00
689,system,1,A2,1,A2,True,0.4924,2026-08-28T07:53:40.115267+00:00,2026-08-28T07:54:17.599088+00:00
690,take,0,A1,0,A1,True,0.7337,2026-08-28T07:53:40.115267+00:00,2026-08-28T07:54:17.599088+00:00
691,takeover,3,B2,4,C1,False,0.6918,2026-08-28T07:53:40.115267+00:00,2026-08-28T07:54:17.599088+00:00
692,task,1,A2,2,B1,False,0.6066,2026-08-28T07:53:40.115267+00:00,2026-08-28T07:54:17.599088+00:00
693,technical,3,B2,2,B1,False,0.5407,2026-08-28T07:53:40.115267+00:00,2026-08-28T07:54:17.599088+00:00
694,teenager,0,A1,1,A2,False,0.2873,2026-08-28T07:53:40.115267+00:00,2026-08-28T07:54:17.599088+00:00
695,temperance,3,B2,3,B2,True,0.4941,2026-08-28T07:53:40.115267+00:00,2026-08-28T07:54:17.599088+00:00
696,temple,1,A2,1,A2,True,0.4037,2026-08-28T07:53:40.115267+00:00,2026-08-28T07:54:17.599088+00:00
697,tenant,3,B2,3,B2,True,0.5552,2026-08-28T07:53:40.115267+00:00,2026-08-28T07:54:17.599088+00:00
698,thanks,0,A1,1,A2,False,0.4514,2026-08-28T07:53:40.115267+00:00,2026-08-28T07:54:17.599088+00:00
699,that,1,A2,0,A1,False,0.7125,2026-08-28T07:53:40.115267+00:00,2026-08-28T07:54:17.599088+00:00
700,theatre,1,A2,1,A2,True,0.5624,2026-08-28T07:53:40.115267+00:00,2026-08-28T07:54:17.599088+00:00
701,therapy,2,B1,1,A2,False,0.4221,2026-08-28T07:53:40.115267+00:00,2026-08-28T07:54:17.599088+00:00
702,thirteen,0,A1,0,A1,True,0.613,2026-08-28T07:53:40.115267+00:00,2026-08-28T07:54:17.599088+00:00
703,this,0,A1,0,A1,True,0.5609,2026-08-28T07:53:40.115267+00:00,2026-08-28T07:54:17.599088+00:00
704,threat,2,B1,2,B1,True,0.5028,2026-08-28T07:53:40.115267+00:00,2026-08-28T07:54:17.599088+00:00
705,tide,3,B2,3,B2,True,0.4061,2026-08-28T07:53:40.115267+00:00,2026-08-28T07:54:17.599088+00:00
706,tighten,3,B2,3,B2,True,0.7524,2026-08-28T07:53:40.115267+00:00,2026-08-28T07:54:17.599088+00:00
707,tightly,2,B1,2,B1,True,0.7026,2026-08-28T07:53:40.115267+00:00,2026-08-28T07:54:17.599088+00:00
708,tomato,0,A1,0,A1,True,0.413,2026-08-28T07:53:40.115267+00:00,2026-08-28T07:54:17.599088+00:00
709,touch,1,A2,1,A2,True,0.551,2026-08-28T07:53:40.115267+00:00,2026-08-28T07:54:17.599088+00:00
710,town,1,A2,1,A2,True,0.5985,2026-08-28T07:53:40.115267+00:00,2026-08-28T07:54:17.599088+00:00
711,traditional,2,B1,3,B2,False,0.4186,2026-08-28T07:53:40.115267+00:00,2026-08-28T07:54:17.599088+00:00
712,training,2,B1,1,A2,False,0.5459,2026-08-28T07:53:40.115267+00:00,2026-08-28T07:54:17.599088+00:00
713,transform,3,B2,3,B2,True,0.4849,2026-08-28T07:53:40.115267+00:00,2026-08-28T07:54:17.599088+00:00
714,treasury,3,B2,3,B2,True,0.3207,2026-08-28T07:53:40.115267+00:00,2026-08-28T07:54:17.599088+00:00
715,trial,3,B2,2,B1,False,0.7351,2026-08-28T07:53:40.115267+00:00,2026-08-28T07:54:17.599088+00:00
716,trip,2,B1,0,A1,False,0.5275,2026-08-28T07:53:40.115267+00:00,2026-08-28T07:54:17.599088+00:00
717,triumph,3,B2,2,B1,False,0.4822,2026-08-28T07:53:40.115267+00:00,2026-08-28T07:54:17.599088+00:00
718,troop,3,B2,2,B1,False,0.3561,2026-08-28T07:53:40.115267+00:00,2026-08-28T07:54:17.599088+00:00
719,truth,2,B1,1,A2,False,0.6117,2026-08-28T07:53:40.115267+00:00,2026-08-28T07:54:17.599088+00:00
720,twice,1,A2,1,A2,True,0.4597,2026-08-28T07:53:40.115267+00:00,2026-08-28T07:54:17.599088+00:00
721,type,1,A2,0,A1,False,0.4049,2026-08-28T07:53:40.115267+00:00,2026-08-28T07:54:17.599088+00:00
722,underlying,3,B2,2,B1,False,0.5105,2026-08-28T07:53:40.115267+00:00,2026-08-28T07:54:17.599088+00:00
723,underway,3,B2,4,C1,False,0.4991,2026-08-28T07:53:40.115267+00:00,2026-08-28T07:54:17.599088+00:00
724,unfamiliar,3,B2,2,B1,False,0.4746,2026-08-28T07:53:40.115267+00:00,2026-08-28T07:54:17.599088+00:00
725,university,1,A2,1,A2,True,0.4958,2026-08-28T07:53:40.115267+00:00,2026-08-28T07:54:17.599088+00:00
726,unpack,1,A2,2,B1,False,0.5493,2026-08-28T07:53:40.115267+00:00,2026-08-28T07:54:17.599088+00:00
727,up,0,A1,0,A1,True,0.761,2026-08-28T07:53:40.115267+00:00,2026-08-28T07:54:17.599088+00:00
728,update,2,B1,2,B1,True,0.6928,2026-08-28T07:53:40.115267+00:00,2026-08-28T07:54:17.599088+00:00
729,upset,1,A2,2,B1,False,0.3536,2026-08-28T07:53:40.115267+00:00,2026-08-28T07:54:17.599088+00:00
730,upsurge,4,C1,4,C1,True,0.6066,2026-08-28T07:53:40.115267+00:00,2026-08-28T07:54:17.599088+00:00
731,vast,3,B2,2,B1,False,0.4373,2026-08-28T07:53:40.115267+00:00,2026-08-28T07:54:17.599088+00:00
732,vendor,4,C1,1,A2,False,0.4065,2026-08-28T07:53:40.115267+00:00,2026-08-28T07:54:17.599088+00:00
733,verdict,3,B2,2,B1,False,0.6722,2026-08-28T07:53:40.115267+00:00,2026-08-28T07:54:17.599088+00:00
734,verse,4,C1,2,B1,False,0.4227,2026-08-28T07:53:40.115267+00:00,2026-08-28T07:54:17.599088+00:00
735,vertical,3,B2,3,B2,True,0.6192,2026-08-28T07:53:40.115267+00:00,2026-08-28T07:54:17.599088+00:00
736,vessel,3,B2,0,A1,False,0.2838,2026-08-28T07:53:40.115267+00:00,2026-08-28T07:54:17.599088+00:00
737,via,2,B1,2,B1,True,0.4619,2026-08-28T07:53:40.115267+00:00,2026-08-28T07:54:17.599088+00:00
738,victimise,4,C1,3,B2,False,0.452,2026-08-28T07:53:40.115267+00:00,2026-08-28T07:54:17.599088+00:00
739,violence,2,B1,1,A2,False,0.4786,2026-08-28T07:53:40.115267+00:00,2026-08-28T07:54:17.599088+00:00
740,vision,2,B1,2,B1,True,0.6128,2026-08-28T07:53:40.115267+00:00,2026-08-28T07:54:17.599088+00:00
741,visit,1,A2,0,A1,False,0.6415,2026-08-28T07:53:40.115267+00:00,2026-08-28T07:54:17.599088+00:00
742,voluntary,2,B1,3,B2,False,0.3713,2026-08-28T07:53:40.115267+00:00,2026-08-28T07:54:17.599088+00:00
743,voting,1,A2,2,B1,False,0.6045,2026-08-28T07:53:40.115267+00:00,2026-08-28T07:54:17.599088+00:00
744,wake,1,A2,1,A2,True,0.4341,2026-08-28T07:53:40.115267+00:00,2026-08-28T07:54:17.599088+00:00
745,wall,0,A1,1,A2,False,0.5352,2026-08-28T07:53:40.115267+00:00,2026-08-28T07:54:17.599088+00:00
746,war,0,A1,1,A2,False,0.469,2026-08-28T07:53:40.115267+00:00,2026-08-28T07:54:17.599088+00:00
747,washington,0,A1,2,B1,False,0.4266,2026-08-28T07:53:40.115267+00:00,2026-08-28T07:54:17.599088+00:00
748,wear,0,A1,1,A2,False,0.5391,2026-08-28T07:53:40.115267+00:00,2026-08-28T07:54:17.599088+00:00
749,wearily,3,B2,4,C1,False,0.4877,2026-08-28T07:53:40.115267+00:00,2026-08-28T07:54:17.599088+00:00
750,weekly,1,A2,0,A1,False,0.4278,2026-08-28T07:53:40.115267+00:00,2026-08-28T07:54:17.599088+00:00
751,which,1,A2,0,A1,False,0.5349,2026-08-28T07:53:40.115267+00:00,2026-08-28T07:54:17.599088+00:00
752,whisky,1,A2,2,B1,False,0.5176,2026-08-28T07:53:40.115267+00:00,2026-08-28T07:54:17.599088+00:00
753,wide,1,A2,2,B1,False,0.4967,2026-08-28T07:53:40.115267+00:00,2026-08-28T07:54:17.599088+00:00
754,widely,3,B2,2,B1,False,0.6129,2026-08-28T07:53:40.115267+00:00,2026-08-28T07:54:17.599088+00:00
755,widow,1,A2,1,A2,True,0.4072,2026-08-28T07:53:40.115267+00:00,2026-08-28T07:54:17.599088+00:00
756,wield,3,B2,3,B2,True,0.759,2026-08-28T07:53:40.115267+00:00,2026-08-28T07:54:17.599088+00:00
757,winter,0,A1,0,A1,True,0.8903,2026-08-28T07:53:40.115267+00:00,2026-08-28T07:54:17.599088+00:00
758,wood,1,A2,0,A1,False,0.4833,2026-08-28T07:53:40.115267+00:00,2026-08-28T07:54:17.599088+00:00
759,wooden,2,B1,1,A2,False,0.4943,2026-08-28T07:53:40.115267+00:00,2026-08-28T07:54:17.599088+00:00
760,worker,0,A1,0,A1,True,0.4227,2026-08-28T07:53:40.115267+00:00,2026-08-28T07:54:17.599088+00:00
761,world,0,A1,0,A1,True,0.8353,2026-08-28T07:53:40.115267+00:00,2026-08-28T07:54:17.599088+00:00
762,worry,1,A2,2,B1,False,0.4636,2026-08-28T07:53:40.115267+00:00,2026-08-28T07:54:17.599088+00:00
763,wrong,1,A2,0,A1,False,0.7473,2026-08-28T07:53:40.115267+00:00,2026-08-28T07:54:17.599088+00:00
764,yardstick,3,B2,3,B2,True,0.717,2026-08-28T07:53:40.115267+00:00,2026-08-28T07:54:17.599088+00:00
765,yesterday,0,A1,1,A2,False,0.3672,2026-08-28T07:53:40.115267+00:00,2026-08-28T07:54:17.599088+00:00
