target,human_score,n,mean_target_absolute_error,mean_target_signed_error,overprediction_rate,underprediction_rate,mean_max_rf_error,large_error_count,large_error_prevalence,mean_disagreement
Vocabulary,1,1,2.1001994178,2.1001994178,1,0,2.1736933038,1,1,0.63717550657
Vocabulary,1.5,2,1.24984988163,1.24984988163,1,0,1.3103213553,2,1,0.982809748295
Vocabulary,2,26,0.930659299021,0.930659299021,1,0,0.936140883978,12,0.461538461538,0.183154367114
Vocabulary,2.5,99,0.487482573425,0.487482573425,1,0,0.599186051387,9,0.0909090909091,0.161295497586
Vocabulary,3,311,0.2364432999,0.145274701276,0.713826366559,0.286173633441,0.481804617791,15,0.048231511254,0.148450631199
Vocabulary,3.5,185,0.256064998498,-0.196528823521,0.210810810811,0.789189189189,0.511648669942,11,0.0594594594595,0.13805128195
Vocabulary,4,113,0.546504588331,-0.541047814694,0.0353982300885,0.964601769912,0.638457925985,4,0.0353982300885,0.141951070606
Vocabulary,4.5,18,0.887024648962,-0.887024648962,0,1,1.03951319566,9,0.5,0.162182982017
Vocabulary,5,7,1.21762681527,-1.21762681527,0,1,1.21762681527,6,0.857142857143,0.190350336299
Grammar,1,2,1.67339004102,1.67339004102,1,0,1.67339004102,2,1,1.0176929325
Grammar,1.5,3,1.16098097629,1.16098097629,1,0,1.16866090421,2,0.666666666667,0.234881574783
Grammar,2,108,0.701459656749,0.701459656749,1,0,0.745011752385,22,0.203703703704,0.154264458534
Grammar,2.5,163,0.348728826934,0.301079594367,0.803680981595,0.196319018405,0.470772676301,9,0.0552147239264,0.170324175817
Grammar,3,192,0.288245098878,-0.0268363805621,0.447916666667,0.552083333333,0.450935773567,1,0.00520833333333,0.142171656483
Grammar,3.5,192,0.354094207161,-0.31534598334,0.161458333333,0.838541666667,0.517753418541,8,0.0416666666667,0.138454345362
Grammar,4,75,0.691512559124,-0.691512559124,0,1,0.72193801417,11,0.146666666667,0.13252333016
Grammar,4.5,23,0.913369323665,-0.913369323665,0,1,0.983537321865,10,0.434782608696,0.158789488284
Grammar,5,4,1.38125409572,-1.38125409572,0,1,1.38125409572,4,1,0.17447004143
