prompt_id,n,percentage,mean_disagreement,mean_max_rf_error,mean_word_count,large_error_count,large_error_prevalence,vocabulary_mean_signed_error,vocabulary_overprediction_rate,vocabulary_underprediction_rate,grammar_mean_signed_error,grammar_overprediction_rate,grammar_underprediction_rate
Afterschool homework club,9,1.1811023622,0.129323059984,0.557758571579,343.444444444,0,0,0.0850585793078,0.666666666667,0.333333333333,-0.258019160071,0.222222222222,0.777777777778
Being busy,41,5.38057742782,0.13812136057,0.437764651027,415.390243902,1,0.0243902439024,0.0447805944188,0.609756097561,0.390243902439,-0.0692959583932,0.414634146341,0.585365853659
Benefits of a good attitude,6,0.787401574803,0.10769152183,0.499057296672,496.666666667,0,0,0.164030359167,0.666666666667,0.333333333333,0.338662157512,1,0
Benefits of a problem,7,0.918635170604,0.123562352744,0.588867208073,356,1,0.142857142857,-0.205717809841,0.142857142857,0.857142857143,-0.262107090583,0.285714285714,0.714285714286
Career commitment,43,5.64304461942,0.169020152116,0.50358396152,464.372093023,3,0.0697674418605,0.0378275803719,0.46511627907,0.53488372093,0.0299252521928,0.604651162791,0.395348837209
Cell phones at school,9,1.1811023622,0.110441109512,0.600957527593,175.444444444,1,0.111111111111,-0.13048083435,0.444444444444,0.555555555556,0.0656230395578,0.555555555556,0.444444444444
Cell phones in classrooms,12,1.57480314961,0.117694036218,0.662901898395,386.833333333,2,0.166666666667,0.0314992970633,0.583333333333,0.416666666667,0.225984032982,0.666666666667,0.333333333333
Community service,8,1.0498687664,0.151969980624,0.524429999127,156.375,1,0.125,-0.192023799482,0.25,0.75,0.0801003584062,0.5,0.5
Controlling extracurricular involvement,10,1.31233595801,0.166482717416,0.572719267104,454.4,0,0,-0.347518627894,0.2,0.8,-0.197975638895,0.2,0.8
Creative arts requirement,10,1.31233595801,0.146387732979,0.534327016983,472.3,1,0.1,-0.015177563219,0.4,0.6,-0.10620895363,0.3,0.7
Curfews for teenagers,11,1.44356955381,0.168001460122,0.673481774732,396.818181818,1,0.0909090909091,0.234777976842,0.636363636364,0.363636363636,-0.191535605229,0.363636363636,0.636363636364
Distance learning,57,7.48031496063,0.152998523896,0.541244709637,478.631578947,6,0.105263157895,0.0771306284833,0.578947368421,0.421052631579,-0.0309742396796,0.456140350877,0.543859649123
Enjoyable educational activities,12,1.57480314961,0.145617407687,0.475566773098,486.083333333,0,0,0.0876763581975,0.583333333333,0.416666666667,-0.0205506254942,0.5,0.5
Extended school day,17,2.23097112861,0.1495409066,0.539314790511,414.117647059,2,0.117647058824,0.0664203996441,0.588235294118,0.411764705882,-0.160152956089,0.294117647059,0.705882352941
First impressions,34,4.46194225722,0.210231613204,0.544876694091,397.058823529,4,0.117647058824,0.0157522995459,0.441176470588,0.558823529412,-0.136000599772,0.352941176471,0.647058823529
Four-day work week,27,3.54330708661,0.157403629425,0.527235772389,461.814814815,2,0.0740740740741,0.0912643582219,0.518518518519,0.481481481481,-0.0953628102637,0.407407407407,0.592592592593
Future accomplishments,6,0.787401574803,0.123187192878,0.704301672038,402.166666667,2,0.333333333333,-0.301447568385,0.333333333333,0.666666666667,-0.418472227503,0,1
Grades for extracurricular activities,7,0.918635170604,0.105296573023,0.433499847509,220.142857143,0,0,0.0503869864486,0.571428571429,0.428571428571,0.0341911589957,0.428571428571,0.571428571429
Honesty,6,0.787401574803,0.10495215356,0.633054138362,321.166666667,1,0.166666666667,-0.0128779616117,0.5,0.5,-0.0506249286883,0.333333333333,0.666666666667
Imagination,11,1.44356955381,0.122589307715,0.480480612304,459.909090909,1,0.0909090909091,-0.247206221815,0.454545454545,0.545454545455,-0.131244011865,0.363636363636,0.636363636364
Impact of technology,35,4.59317585302,0.155306861373,0.522526658031,439,1,0.0285714285714,0.0142236658534,0.542857142857,0.457142857143,0.0186841331054,0.514285714286,0.485714285714
Individuality,29,3.80577427822,0.159450438341,0.632190987933,488.793103448,4,0.137931034483,0.0942880696221,0.551724137931,0.448275862069,-0.0262279838172,0.413793103448,0.586206896552
Influences of character,18,2.36220472441,0.144144844215,0.563634826627,421.888888889,3,0.166666666667,-0.0823722035206,0.444444444444,0.555555555556,-0.222409415238,0.333333333333,0.666666666667
Influencing behavior,13,1.70603674541,0.168755997825,0.763298818705,445.615384615,2,0.153846153846,-0.227589075747,0.307692307692,0.692307692308,0.140010593277,0.615384615385,0.384615384615
Internships and shadowing,11,1.44356955381,0.140364803064,0.530115507924,552.454545455,0,0,-0.04538691186,0.454545454545,0.545454545455,0.05207434236,0.454545454545,0.545454545455
Learning from the experience of others,6,0.787401574803,0.137793265478,0.346337026055,559.166666667,0,0,-0.264512251113,0.166666666667,0.833333333333,0.0269108106283,0.666666666667,0.333333333333
Lessons with elementary school students,8,1.0498687664,0.120888812285,0.538530833104,445.625,0,0,0.0798963076925,0.625,0.375,-0.07132223129,0.25,0.75
Letter to employer,9,1.1811023622,0.216560633523,0.700768637543,378.555555556,2,0.222222222222,0.0578309395744,0.666666666667,0.333333333333,0.187086296573,0.555555555556,0.444444444444
Lunch menus,19,2.49343832021,0.120600777202,0.541748058429,353.473684211,0,0,0.109844179452,0.684210526316,0.315789473684,-0.0775739869147,0.368421052632,0.631578947368
Mandatory extracurricular activities,8,1.0498687664,0.164532377569,0.504921337808,373.25,1,0.125,0.0506642944612,0.875,0.125,-0.0837369174675,0.5,0.5
Places to visit,10,1.31233595801,0.156775668179,0.68540568026,390.1,1,0.1,-0.322098780151,0.3,0.7,-0.317854559357,0.4,0.6
Positive attitudes,36,4.72440944882,0.140201789568,0.650340577903,434.333333333,5,0.138888888889,-0.143430817682,0.416666666667,0.583333333333,-0.0898377118531,0.472222222222,0.527777777778
Praising student work,10,1.31233595801,0.094012312311,0.667303761458,390.2,1,0.1,0.107381584063,0.6,0.4,-0.05266166289,0.5,0.5
Seeking multiple opinions,10,1.31233595801,0.1363228048,0.718110122924,391.9,2,0.2,-0.04964783152,0.4,0.6,0.145504100451,0.5,0.5
Self-reliance,25,3.28083989501,0.149891484956,0.581654762118,419.6,1,0.04,-0.0126665613584,0.56,0.44,0.0886584340736,0.52,0.48
Setting our aim,5,0.656167979003,0.17883917932,0.752749575772,711.8,1,0.2,-0.044868542694,0.4,0.6,-0.035648886734,0.4,0.6
Spending time outdoors,11,1.44356955381,0.127041839672,0.556889332532,409.909090909,1,0.0909090909091,-0.0282438514345,0.272727272727,0.727272727273,0.104474036815,0.545454545455,0.454545454545
Success and failure,42,5.51181102362,0.147572936286,0.610301098795,465.023809524,5,0.119047619048,0.0799601125952,0.547619047619,0.452380952381,0.223706083027,0.666666666667,0.333333333333
Summer projects,4,0.524934383202,0.188672798425,0.713607684663,322,0,0,-0.0850493529125,0.5,0.5,0.589208526648,1,0
Talents and skills,9,1.1811023622,0.164305522297,0.602971928123,494.333333333,1,0.111111111111,0.161049214036,0.888888888889,0.111111111111,0.157271396144,0.444444444444,0.555555555556
Three-year high school program,29,3.80577427822,0.142224173181,0.606130029167,441.827586207,3,0.103448275862,0.00295711312724,0.551724137931,0.448275862069,-0.105267595715,0.413793103448,0.586206896552
Trying something beyond what you have mastered,32,4.19947506562,0.184324795663,0.478307011921,397.625,3,0.09375,-0.0670887587653,0.5,0.5,0.0688413576166,0.625,0.375
Working with a group or alone,27,3.54330708661,0.142527552755,0.644180916735,415.37037037,1,0.037037037037,-0.0320892619474,0.481481481481,0.518518518519,0.0632387870456,0.518518518519,0.481481481481
Year-round school,13,1.70603674541,0.174062530791,0.571808011304,508.692307692,2,0.153846153846,0.0995537904469,0.692307692308,0.307692307692,-0.0566770692423,0.615384615385,0.384615384615
