essay_id,Vocabulary,Grammar,random_forest_vocabulary,random_forest_grammar,error_vocabulary,error_grammar,max_rf_absolute_error,large_error
0022683E9EA5,3,2,3.0675595469,2.72730781203,0.0675595469,0.72730781203,0.72730781203,False
009F4E9310CB,3.5,3,3.24869059061,3.0269185364,0.25130940939,0.0269185364,0.25130940939,False
011AAA636F11,3,3.5,3.46175025651,3.02809541594,0.46175025651,0.47190458406,0.47190458406,False
032EA4B76BF5,3,3.5,3.12142063492,3.0305694633,0.12142063492,0.4694305367,0.4694305367,False
038480498E5A,3.5,3,3.39328237281,3.53872640884,0.10671762719,0.53872640884,0.53872640884,False
03A3B40D651B,3.5,3.5,3.26534254608,3.40037663817,0.23465745392,0.09962336183,0.23465745392,False
043B9F48FDC2,3,3,3.35697243709,2.984473562,0.35697243709,0.015526438,0.35697243709,False
04788D56AC58,3,3.5,2.9387044629,2.53436332857,0.0612955371,0.96563667143,0.96563667143,False
047BD3CB80B4,4,3.5,3.76256850927,3.4826030745,0.23743149073,0.0173969255,0.23743149073,False
05021F4CA528,3,2.5,2.80780002742,2.38436970133,0.19219997258,0.11563029867,0.19219997258,False
0506BAC596A7,2.5,2,2.9180279561,2.77365393552,0.4180279561,0.77365393552,0.77365393552,False
050BFA60C6AF,2.5,2.5,2.98928438825,2.73890568171,0.48928438825,0.23890568171,0.48928438825,False
0514D25768A0,2,2,3.20586398507,2.74984626383,1.20586398507,0.74984626383,1.20586398507,True
057E81E19740,3,2,3.08791912393,2.54266983092,0.08791912393,0.54266983092,0.54266983092,False
05903AA4540F,2.5,3.5,3.22462150644,3.18657097322,0.72462150644,0.31342902678,0.72462150644,False
05F54CEC774B,3,3.5,3.37190404127,2.97372758267,0.37190404127,0.52627241733,0.52627241733,False
061AF57CB05C,3,3.5,2.93961936042,2.76110436986,0.06038063958,0.73889563014,0.73889563014,False
063F809DE304,3,3,3.61679894624,3.49259955251,0.61679894624,0.49259955251,0.61679894624,False
06C9FC1267BB,3.5,3,3.12749484612,3.05627328163,0.37250515388,0.05627328163,0.37250515388,False
06E81109FE92,3,2,2.86062731205,2.68050979513,0.13937268795,0.68050979513,0.68050979513,False
07DFD9A0986B,3,2.5,3.06277511385,2.83076652859,0.06277511385,0.33076652859,0.33076652859,False
07E1633CC87A,3.5,3,3.11125581081,3.20312401145,0.38874418919,0.20312401145,0.38874418919,False
08B72DCFD859,3,3,3.22988356513,3.01270362742,0.22988356513,0.01270362742,0.22988356513,False
08FAE6E0BDCC,3,3,3.12921370199,3.24924487905,0.12921370199,0.24924487905,0.24924487905,False
0943E322C195,4,4,3.27933110162,3.06172635695,0.72066889838,0.93827364305,0.93827364305,False
0A324290AFE7,3.5,3,3.21139938579,3.03698859117,0.28860061421,0.03698859117,0.28860061421,False
0ACB3F8B9DF8,3,3.5,3.05638648963,2.83724199532,0.05638648963,0.66275800468,0.66275800468,False
0AF4F757FBEA,3,2,2.74587679501,2.45188509135,0.25412320499,0.45188509135,0.45188509135,False
0AFAD06336F3,3,3.5,3.75566179889,3.62377373804,0.75566179889,0.12377373804,0.75566179889,False
0AFC8CE27321,4.5,5,3.2694680035,3.26048448117,1.2305319965,1.73951551883,1.73951551883,True
0AFEC3CC53B5,3,2,2.88385496711,2.30293760041,0.11614503289,0.30293760041,0.30293760041,False
0B1599B11FCF,3,2.5,3.1613440616,3.05212318592,0.1613440616,0.55212318592,0.55212318592,False
0B6316123881,3,2.5,2.80773952465,2.793849436,0.19226047535,0.293849436,0.293849436,False
0BB7AF7A448C,3,2,3.34951781806,2.83719657107,0.34951781806,0.83719657107,0.83719657107,False
0C91926E2BC6,3,3.5,3.25399155093,3.32310969156,0.25399155093,0.17689030844,0.25399155093,False
0D9288F0A6C9,3.5,3.5,3.01581513579,2.62572261925,0.48418486421,0.87427738075,0.87427738075,False
0DB44DDF91E6,3,3,2.81112132946,2.82538269238,0.18887867054,0.17461730762,0.18887867054,False
0E03218FDD2F,4,5,4.0272294035,3.76103415181,0.0272294035,1.23896584819,1.23896584819,True
0E14B9D24898,2,2.5,2.79541799277,2.43101031663,0.79541799277,0.06898968337,0.79541799277,False
0E26C20CFBBE,3,2.5,3.44248120568,3.2181628118,0.44248120568,0.7181628118,0.7181628118,False
0E4FA5AC1EC1,4.5,3.5,3.59524747733,3.45128521801,0.90475252267,0.04871478199,0.90475252267,False
0F8436260047,3,4.5,3.40040797439,3.19632466187,0.40040797439,1.30367533813,1.30367533813,True
0FFB44B5D0C2,4,3.5,2.97138470677,2.56575201503,1.02861529323,0.93424798497,1.02861529323,True
101576652D3B,5,4,3.82334533616,3.66539835067,1.17665466384,0.33460164933,1.17665466384,True
1087B6C7FB98,4,3,3.04166207338,2.86834515587,0.95833792662,0.13165484413,0.95833792662,False
10AC7944DC4A,3,2,3.05801303486,2.96248304299,0.05801303486,0.96248304299,0.96248304299,False
10D2D1173D36,4,3.5,3.24057057361,3.22632176725,0.75942942639,0.27367823275,0.75942942639,False
10D3A9E5E79E,3.5,3.5,3.43543069079,3.46692069399,0.06456930921,0.03307930601,0.06456930921,False
113436EC45E2,3,2,3.02465269195,2.57964906501,0.02465269195,0.57964906501,0.57964906501,False
113B1543C433,3,2.5,3.03909679174,2.76394435591,0.03909679174,0.26394435591,0.26394435591,False
11E5C01714C5,4,3.5,3.35463552635,3.39050824216,0.64536447365,0.10949175784,0.64536447365,False
120FE0B76D5C,3.5,4,3.43887688524,3.09334344074,0.06112311476,0.90665655926,0.90665655926,False
13450D581EC9,3,3,3.06480401932,2.57430911287,0.06480401932,0.42569088713,0.42569088713,False
136B3124BE79,3,2.5,2.98324962522,2.74902705477,0.01675037478,0.24902705477,0.24902705477,False
14D2867090F2,4,4,3.13027776264,3.23562120611,0.86972223736,0.76437879389,0.86972223736,False
15125AF6CB82,3.5,2.5,3.37452271944,2.85174056988,0.12547728056,0.35174056988,0.35174056988,False
15BDA0989B56,2.5,2,2.99391048919,2.52634628186,0.49391048919,0.52634628186,0.52634628186,False
16005A45A20A,3,3.5,3.63582191963,3.38703843045,0.63582191963,0.11296156955,0.63582191963,False
168958FC7315,3,4,2.99699223488,3.22922253466,0.00300776512,0.77077746534,0.77077746534,False
168C858F93A3,3,3,3.61414927918,3.59237943469,0.61414927918,0.59237943469,0.61414927918,False
16DEF72E220A,2,2.5,3.29616787711,2.95526602529,1.29616787711,0.45526602529,1.29616787711,True
1703E46B4DC9,4.5,4,3.51165658773,3.05543836115,0.98834341227,0.94456163885,0.98834341227,False
1721F085F81E,3.5,2.5,3.50298903268,3.47057362518,0.00298903268,0.97057362518,0.97057362518,False
18EA27A2E333,3.5,3,3.08011293985,2.8037040429,0.41988706015,0.1962959571,0.41988706015,False
1928846BB272,3,2.5,3.32552680449,3.05100037093,0.32552680449,0.55100037093,0.55100037093,False
192D02CF8C9E,3,2.5,3.05788747139,2.71137716589,0.05788747139,0.21137716589,0.21137716589,False
19D55405175F,4,3.5,3.38817635327,3.05640163586,0.61182364673,0.44359836414,0.61182364673,False
19DDF17CA4DC,3,3.5,3.63605895848,3.46243962804,0.63605895848,0.03756037196,0.63605895848,False
1A17F32415FD,3,2.5,2.9897978975,2.80550326592,0.0102021025,0.30550326592,0.30550326592,False
1AA55FB101FD,3,3,3.09016588375,2.60621423054,0.09016588375,0.39378576946,0.39378576946,False
1AD12415C4DB,2.5,3,3.16802189888,3.24440714771,0.66802189888,0.24440714771,0.66802189888,False
1B056DE0E856,3,3,3.15073492663,2.79912366114,0.15073492663,0.20087633886,0.20087633886,False
1B981E7E59C5,3.5,3,3.26090702434,2.79414594087,0.23909297566,0.20585405913,0.23909297566,False
1BAD681F72CB,2.5,2.5,3.14120620015,2.85178967534,0.64120620015,0.35178967534,0.64120620015,False
1C0E34879BB0,3,2.5,2.97784158011,2.73304355945,0.02215841989,0.23304355945,0.23304355945,False
1DB195AA7BE3,2,1.5,2.84143192554,2.43925672757,0.84143192554,0.93925672757,0.93925672757,False
1DDA34D8E4D3,3,2.5,2.9546682042,2.58237160098,0.0453317958,0.08237160098,0.08237160098,False
1DFACB5D0C9E,3,3,3.2247932841,3.07061665476,0.2247932841,0.07061665476,0.2247932841,False
1F3620A2965E,3,4,3.51789409653,3.45877128231,0.51789409653,0.54122871769,0.54122871769,False
1F4961D46D29,5,4.5,3.81169337133,3.5998518207,1.18830662867,0.9001481793,1.18830662867,True
1F9C0492FB8A,2.5,2.5,3.07615178736,2.94619587387,0.57615178736,0.44619587387,0.57615178736,False
1FAC31F5C8DC,3.5,3,2.93975855777,2.6166303285,0.56024144223,0.3833696715,0.56024144223,False
1FACF7E8D0A7,3,3.5,2.98619126736,2.87170694759,0.01380873264,0.62829305241,0.62829305241,False
1FC46D4B9D8C,2,2.5,2.844415065,2.62591535467,0.844415065,0.12591535467,0.844415065,False
1FE3EE0E16A8,3.5,2.5,3.10262515781,2.5857515333,0.39737484219,0.0857515333,0.39737484219,False
2003BF2E6DD0,4,4.5,3.62802259495,3.62671961397,0.37197740505,0.87328038603,0.87328038603,False
2010889A6522,3,3,3.18319627952,2.91415982662,0.18319627952,0.08584017338,0.18319627952,False
205069BE2E53,3,3,3.09130029217,2.89542559608,0.09130029217,0.10457440392,0.10457440392,False
205D590BCBB1,3.5,3,3.38203575979,3.42462510553,0.11796424021,0.42462510553,0.42462510553,False
209A6BC99DB9,4.5,4.5,3.60446771614,3.50288709227,0.89553228386,0.99711290773,0.99711290773,False
20E2B07931F3,3,3,3.32451811247,2.97922526468,0.32451811247,0.02077473532,0.32451811247,False
211699D25472,3.5,3,3.04357660862,2.71397482145,0.45642339138,0.28602517855,0.45642339138,False
214EC21D1403,4,3,3.5064091334,3.09251201061,0.4935908666,0.09251201061,0.4935908666,False
2157AE4AFAA6,3.5,3,3.55889524857,3.50442487852,0.05889524857,0.50442487852,0.50442487852,False
21737947650E,2.5,2,3.17935741783,2.82469832264,0.67935741783,0.82469832264,0.82469832264,False
22D02123C65D,3,3,3.03927043064,3.12940515553,0.03927043064,0.12940515553,0.12940515553,False
22F16C83DE10,2.5,3.5,3.56830752748,3.0857869367,1.06830752748,0.4142130633,1.06830752748,True
2327EC67A339,2.5,3,3.31414899489,3.18052638862,0.81414899489,0.18052638862,0.81414899489,False
2358C2CE9966,3,2,2.51448265341,2.21670265057,0.48551734659,0.21670265057,0.48551734659,False
23958A3106EA,4,3.5,3.64177264442,3.21673246357,0.35822735558,0.28326753643,0.35822735558,False
239A72DE1E35,3.5,3.5,3.17109684784,2.8482498968,0.32890315216,0.6517501032,0.6517501032,False
23F0ABEF8370,2.5,2,3.15632323383,2.84288136862,0.65632323383,0.84288136862,0.84288136862,False
25130AAA9552,2.5,3,2.66255251638,2.26484011876,0.16255251638,0.73515988124,0.73515988124,False
253108CDC69F,3,3.5,3.02633942415,2.80964946889,0.02633942415,0.69035053111,0.69035053111,False
26788FA4ED04,3.5,3,3.19529470072,2.90340390693,0.30470529928,0.09659609307,0.30470529928,False
269101ABF266,3.5,3,3.1526419901,2.95189330472,0.3473580099,0.04810669528,0.3473580099,False
277A95AC0190,3.5,4,2.9582428652,2.60996335329,0.5417571348,1.39003664671,1.39003664671,True
279245CFCCF4,3.5,3.5,3.17193305435,3.26358667937,0.32806694565,0.23641332063,0.32806694565,False
27D80E5F87B1,3,2.5,3.13831040405,2.95387886919,0.13831040405,0.45387886919,0.45387886919,False
28930E0B8820,3,3,2.64606343697,2.29501932067,0.35393656303,0.70498067933,0.70498067933,False
293A93F037A7,3,4,3.50799850003,3.41488019594,0.50799850003,0.58511980406,0.58511980406,False
29BB45AA907C,4,4,3.33808383082,3.39503710024,0.66191616918,0.60496289976,0.66191616918,False
2A18E2265D9E,3,3.5,3.09862286053,2.85550004957,0.09862286053,0.64449995043,0.64449995043,False
2B62F285FD21,4,3.5,3.41193197694,3.5412759232,0.58806802306,0.0412759232,0.58806802306,False
2B9C5C3BB7B9,3,3,3.86669327952,3.85417790541,0.86669327952,0.85417790541,0.86669327952,False
2BE11993FB5F,3,3.5,3.22573418562,3.14052668147,0.22573418562,0.35947331853,0.35947331853,False
2BFB0A8F50E1,4,3,3.39961044793,3.27167762725,0.60038955207,0.27167762725,0.60038955207,False
2C4DE9FD3734,4,3.5,3.36698966721,3.08328957731,0.63301033279,0.41671042269,0.63301033279,False
2C8802241F51,2.5,3.5,3.00413415217,2.74307097833,0.50413415217,0.75692902167,0.75692902167,False
2D508127DEF1,4,4,3.88779295139,3.3571777748,0.11220704861,0.6428222252,0.6428222252,False
2D8464A3BD5B,4,3.5,3.15645306274,2.8468749574,0.84354693726,0.6531250426,0.84354693726,False
2D940E7F240C,3,4,3.2986476136,3.44849617601,0.2986476136,0.55150382399,0.55150382399,False
2DAA07621328,3.5,3.5,3.24762468114,2.83879612904,0.25237531886,0.66120387096,0.66120387096,False
2E5A3E5FD179,3.5,3,3.21756689092,3.17765194062,0.28243310908,0.17765194062,0.28243310908,False
2F268BE28055,4,3.5,3.30804524656,2.94901314337,0.69195475344,0.55098685663,0.69195475344,False
2F7B0CE01B4B,4,4,3.80838766187,3.67434260342,0.19161233813,0.32565739658,0.32565739658,False
2F81111E7831,3,2.5,3.10166469752,2.79320261692,0.10166469752,0.29320261692,0.29320261692,False
30DDC17D2986,4,3.5,3.60553848632,3.68530125672,0.39446151368,0.18530125672,0.39446151368,False
310CDA45739E,3.5,3.5,3.56105048313,3.37730855206,0.06105048313,0.12269144794,0.12269144794,False
314E6ED40C6A,2.5,2.5,2.77254006725,2.46338194625,0.27254006725,0.03661805375,0.27254006725,False
327AAC23CF5D,2,2,3.03301149559,2.89948379226,1.03301149559,0.89948379226,1.03301149559,True
327EB11122D0,3,2,3.27398630392,2.79902210844,0.27398630392,0.79902210844,0.79902210844,False
33113B7D1125,3,2.5,2.8095398797,2.37026068721,0.1904601203,0.12973931279,0.1904601203,False
33DEFCDAD05F,4,4,3.69680704027,3.62510589576,0.30319295973,0.37489410424,0.37489410424,False
33F18D5D8867,4,4,3.80372473054,3.25748245328,0.19627526946,0.74251754672,0.74251754672,False
340BCFE7E249,3.5,3.5,3.20187618378,2.93504865297,0.29812381622,0.56495134703,0.56495134703,False
34317A7F1262,2,2.5,2.90833940217,2.59124694427,0.90833940217,0.09124694427,0.90833940217,False
343A80DD6FB3,3,3.5,3.54008313057,3.18760905628,0.54008313057,0.31239094372,0.54008313057,False
34716B652420,2,2,2.56046770541,2.2888817124,0.56046770541,0.2888817124,0.56046770541,False
34A066E69905,3.5,3.5,3.46974445638,3.08466683354,0.03025554362,0.41533316646,0.41533316646,False
34F016931102,3.5,3.5,3.25560212285,2.95764815908,0.24439787715,0.54235184092,0.54235184092,False
3550660EE2EC,3,2.5,3.11616029975,2.8330432206,0.11616029975,0.3330432206,0.3330432206,False
35E552843ADF,3.5,3.5,3.380310578,3.21291348896,0.119689422,0.28708651104,0.28708651104,False
36A74F4F050A,3,2.5,2.94597397322,2.5018383099,0.05402602678,0.0018383099,0.05402602678,False
37DD80EFE4D4,3,2.5,3.31361192286,3.03777710968,0.31361192286,0.53777710968,0.53777710968,False
380164B1BAB5,4,4,3.50503730859,3.21573721918,0.49496269141,0.78426278082,0.78426278082,False
3814F9116CD1,3,2.5,2.88889781133,2.50422012678,0.11110218867,0.00422012678,0.11110218867,False
38452CB371C9,3,3,3.78846018096,3.65223759197,0.78846018096,0.65223759197,0.78846018096,False
3898358B58BB,3,3.5,3.32910505481,3.17942066504,0.32910505481,0.32057933496,0.32910505481,False
394F5867B7EC,3.5,2.5,3.21874041793,2.91049106175,0.28125958207,0.41049106175,0.41049106175,False
39BB85E5CB5A,3,3.5,3.12617607256,3.16226157781,0.12617607256,0.33773842219,0.33773842219,False
3A38B9DD6723,3.5,3,3.29112044992,3.42212655059,0.20887955008,0.42212655059,0.42212655059,False
3A71C888CE45,2.5,2,2.67588156497,2.4148135157,0.17588156497,0.4148135157,0.4148135157,False
3B81809AA132,3,2.5,3.05769884301,2.67381556579,0.05769884301,0.17381556579,0.17381556579,False
3B93AE972238,3,2.5,3.17861191631,3.22948757996,0.17861191631,0.72948757996,0.72948757996,False
3BDF36560245,3,2,2.73836555637,2.41697434028,0.26163444363,0.41697434028,0.41697434028,False
3BFECA0F8470,3,2.5,3.16733938595,2.89612215624,0.16733938595,0.39612215624,0.39612215624,False
3C56844D4CF0,3,2,3.13153454243,2.67181791161,0.13153454243,0.67181791161,0.67181791161,False
3CD660D1E7BB,4,4.5,3.56472439777,3.56838013606,0.43527560223,0.93161986394,0.93161986394,False
3D739817CC30,2.5,2,3.12972692809,3.003576015,0.62972692809,1.003576015,1.003576015,True
3E7DE9C1C160,4,3.5,3.35745971897,2.92903769015,0.64254028103,0.57096230985,0.64254028103,False
3EC60741B7BF,3,3,2.66207496062,2.32020921425,0.33792503938,0.67979078575,0.67979078575,False
3F2941C11D95,4,4,3.73505030768,3.67478097884,0.26494969232,0.32521902116,0.32521902116,False
3F4D8262235A,4,3.5,3.32391432844,3.10605886514,0.67608567156,0.39394113486,0.67608567156,False
4032ED0063E4,3,4,3.04078723731,2.84191058701,0.04078723731,1.15808941299,1.15808941299,True
40AF66A621E0,2.5,2,2.80822185185,2.28793106013,0.30822185185,0.28793106013,0.30822185185,False
410D72D3CCE8,3.5,3.5,3.46445359993,3.11353833157,0.03554640007,0.38646166843,0.38646166843,False
41D9F5D10332,4,3,3.05363579083,2.65103663594,0.94636420917,0.34896336406,0.94636420917,False
4288F88C8D15,3,3,2.88807770076,2.79800593608,0.11192229924,0.20199406392,0.20199406392,False
42BF43BF8DBE,3.5,3.5,3.16812463344,2.87860823249,0.33187536656,0.62139176751,0.62139176751,False
4351657CEC2F,4,3.5,3.49122025032,3.52618012913,0.50877974968,0.02618012913,0.50877974968,False
447221C3FA00,3,2,3.08233142632,2.44010997874,0.08233142632,0.44010997874,0.44010997874,False
4477C08B4960,3,3,3.09896699441,2.88943044962,0.09896699441,0.11056955038,0.11056955038,False
44C1594D0950,4,3,3.44945592111,3.33120129352,0.55054407889,0.33120129352,0.55054407889,False
451A840C382E,3,2,3.21369370691,3.09473375496,0.21369370691,1.09473375496,1.09473375496,True
451E8369BB76,2.5,2.5,2.956587136,2.59761150425,0.456587136,0.09761150425,0.456587136,False
453F18C3C8BD,2.5,2,2.51745246796,2.24980893633,0.01745246796,0.24980893633,0.24980893633,False
45DF17CF4937,3.5,3.5,3.5695773653,3.53604787351,0.0695773653,0.03604787351,0.0695773653,False
4608287E9B30,3,3,2.86289440994,2.68306180578,0.13710559006,0.31693819422,0.31693819422,False
462769ABDD5B,3.5,2.5,2.78140226155,2.59206733623,0.71859773845,0.09206733623,0.71859773845,False
462832DCD932,2,2,3.25265525626,2.87231605274,1.25265525626,0.87231605274,1.25265525626,True
4665A1D77D6C,4,3.5,3.17125448747,2.78646921234,0.82874551253,0.71353078766,0.82874551253,False
4744A861D13F,3.5,4,3.19434580186,3.45306472927,0.30565419814,0.54693527073,0.54693527073,False
483EE18C996B,3.5,3.5,3.47625114604,3.07698272244,0.02374885396,0.42301727756,0.42301727756,False
48940AA0656E,2.5,2.5,3.05299703991,3.20377098995,0.55299703991,0.70377098995,0.70377098995,False
48ADCBFC8376,2.5,3.5,3.78189162805,3.62635552435,1.28189162805,0.12635552435,1.28189162805,True
48EA282A4EAF,1,1,3.1001994178,3.1736933038,2.1001994178,2.1736933038,2.1736933038,True
4906FE42D823,3.5,3,3.33301679063,3.36020855409,0.16698320937,0.36020855409,0.36020855409,False
4967076F4E7F,3,3,3.09169253822,2.50797221312,0.09169253822,0.49202778688,0.49202778688,False
49C5BCE4CD28,3.5,3.5,2.91767162288,2.7617955094,0.58232837712,0.7382044906,0.7382044906,False
4A38761A2CBB,4,2.5,3.17927172365,2.77384477977,0.82072827635,0.27384477977,0.82072827635,False
4A4B45273A9D,3,2.5,3.06252404984,2.51395583154,0.06252404984,0.01395583154,0.06252404984,False
4AF3A09B2EF7,3.5,3.5,3.44096341685,3.37762441303,0.05903658315,0.12237558697,0.12237558697,False
4BF17A253013,3,3,2.57583545567,2.46482554012,0.42416454433,0.53517445988,0.53517445988,False
4C3AFB55C4F7,3.5,2.5,3.41063152765,3.2562029592,0.08936847235,0.7562029592,0.7562029592,False
4D35A86F4929,3,3,3.31738704042,3.10177831772,0.31738704042,0.10177831772,0.31738704042,False
4D377B163021,3,3,2.86927200379,2.61105270888,0.13072799621,0.38894729112,0.38894729112,False
4D65BE0B15B8,3.5,2.5,2.93954820036,2.66035527637,0.56045179964,0.16035527637,0.56045179964,False
4DBC5B5272FF,3.5,3.5,3.84196693822,3.80250416212,0.34196693822,0.30250416212,0.34196693822,False
4E22E3143561,3.5,3,2.97747147048,2.56983181024,0.52252852952,0.43016818976,0.52252852952,False
4E7DD441DAC8,2.5,3,2.742359094,2.65212648163,0.242359094,0.34787351837,0.34787351837,False
4E8ED336CF7E,2,2.5,2.70336536785,2.39733191115,0.70336536785,0.10266808885,0.70336536785,False
4EE0B81B9133,4,3.5,3.51676229554,3.43380358298,0.48323770446,0.06619641702,0.48323770446,False
4EECC9B3CF7F,4,4,3.3775350015,3.51786961119,0.6224649985,0.48213038881,0.6224649985,False
508A9EC12C44,3,2.5,3.13974907469,2.90718414476,0.13974907469,0.40718414476,0.40718414476,False
5098F28A2EF3,4,4,3.88772125346,3.73926417399,0.11227874654,0.26073582601,0.26073582601,False
50E361CD561E,3.5,4,3.22428312106,3.19934005174,0.27571687894,0.80065994826,0.80065994826,False
510CA49B78BB,4.5,4.5,3.41195417927,3.39496050446,1.08804582073,1.10503949554,1.10503949554,True
51DA4BA94C7C,3.5,4,3.01225348978,2.56698319644,0.48774651022,1.43301680356,1.43301680356,True
52DC3B7C3952,4.5,5,3.67641025852,3.53029747544,0.82358974148,1.46970252456,1.46970252456,True
5384378F1AC2,4,4,3.54290873576,3.42919053983,0.45709126424,0.57080946017,0.57080946017,False
53CF6D801CAF,5,4.5,3.55971125075,3.40943301367,1.44028874925,1.09056698633,1.44028874925,True
53D17839AAC0,4,4,3.54200181656,3.5852761468,0.45799818344,0.4147238532,0.45799818344,False
55C7EC027A88,4,3.5,3.61447644864,3.11189098832,0.38552355136,0.38810901168,0.38810901168,False
5661280443,3.5,4,2.9712849401,2.72144953769,0.5287150599,1.27855046231,1.27855046231,True
56E32CEEB127,3,2.5,3.11508101685,2.67289514423,0.11508101685,0.17289514423,0.17289514423,False
56F9E8427D97,4,3,3.60039789961,3.01216914831,0.39960210039,0.01216914831,0.39960210039,False
57A750437C3A,4,3,3.03660392471,2.54902635454,0.96339607529,0.45097364546,0.96339607529,False
58F6D70A2DC7,3,3.5,3.14930562193,3.25978390841,0.14930562193,0.24021609159,0.24021609159,False
597618D3F66C,3.5,3,3.30844445646,3.33989162378,0.19155554354,0.33989162378,0.33989162378,False
599128B82FF0,3,3.5,3.35677598909,3.15582048943,0.35677598909,0.34417951057,0.35677598909,False
59ADAA4D04E5,1.5,1.5,2.94755593236,2.92451614859,1.44755593236,1.42451614859,1.44755593236,True
5A89482533D9,3,2.5,3.19627810122,3.11893128697,0.19627810122,0.61893128697,0.61893128697,False
5AA45740A848,3.5,3.5,3.17314895086,3.21120524407,0.32685104914,0.28879475593,0.32685104914,False
5AAD796F4D6B,2.5,2.5,3.09947290095,3.1311225298,0.59947290095,0.6311225298,0.6311225298,False
5B2FC963E89D,3,2.5,3.47604162498,3.06479138998,0.47604162498,0.56479138998,0.56479138998,False
5BE99F2E4030,4,4.5,3.68058088784,3.78301700449,0.31941911216,0.71698299551,0.71698299551,False
5C05D79FE75A,3,2.5,3.01885195105,2.7440008003,0.01885195105,0.2440008003,0.2440008003,False
5C3A7990C870,4,2.5,3.63941116928,3.09906506645,0.36058883072,0.59906506645,0.59906506645,False
5C72AB0B1232,3.5,3.5,3.80973869334,3.68967414084,0.30973869334,0.18967414084,0.30973869334,False
5CB186BF742C,3.5,3,2.96411918932,2.67626383465,0.53588081068,0.32373616535,0.53588081068,False
5D2B8506EC4F,2.5,2.5,2.76632254243,2.30960179107,0.26632254243,0.19039820893,0.26632254243,False
5D693DD9978D,3,2.5,3.29943025037,2.92267739105,0.29943025037,0.42267739105,0.42267739105,False
5D7D1445A7CF,5,4.5,3.78594758462,3.80296098121,1.21405241538,0.69703901879,1.21405241538,True
5E49CEB56FB3,3,2,2.81338096794,2.74822876497,0.18661903206,0.74822876497,0.74822876497,False
5EA71157D48F,2.5,3,2.94761455346,2.98985513769,0.44761455346,0.01014486231,0.44761455346,False
5EFD8FA4133A,3,2.5,3.0403105791,2.88078839839,0.0403105791,0.38078839839,0.38078839839,False
5F370D929BA7,3,2.5,2.95048528618,2.61565607937,0.04951471382,0.11565607937,0.11565607937,False
5F5E1817CCA0,3,3,3.02426151503,2.51481356172,0.02426151503,0.48518643828,0.48518643828,False
5FBDFD6DB173,2.5,3,3.03864153012,2.90313901592,0.53864153012,0.09686098408,0.53864153012,False
5FE4F223CEA8,2.5,3,2.98732696221,2.996010577,0.48732696221,0.003989423,0.48732696221,False
603863409B06,3.5,3,3.26468546023,2.84232282684,0.23531453977,0.15767717316,0.23531453977,False
605BF3B67175,4,3.5,3.29089454265,3.4038411294,0.70910545735,0.0961588706,0.70910545735,False
60FD2E2FB768,3.5,3.5,3.4963763978,3.44746418199,0.0036236022,0.05253581801,0.05253581801,False
610FA0016255,2.5,3,3.4095029479,3.16245202633,0.9095029479,0.16245202633,0.9095029479,False
6141DB282925,3,3,2.9904157458,2.75659958921,0.0095842542,0.24340041079,0.24340041079,False
616C3D5795E8,3,2,2.80645132831,2.71447985807,0.19354867169,0.71447985807,0.71447985807,False
62B3C9C3398E,3.5,3.5,3.60253688988,3.38580697142,0.10253688988,0.11419302858,0.11419302858,False
62F7911DE51F,3,2.5,3.1087278055,3.15455486906,0.1087278055,0.65455486906,0.65455486906,False
64A8183557F7,3.5,3,3.2149505572,2.9530507588,0.2850494428,0.0469492412,0.2850494428,False
65975436BE5C,4,4,3.71325051992,3.5237033191,0.28674948008,0.4762966809,0.4762966809,False
66FF0907BF26,3.5,4,3.64440950709,3.52095547801,0.14440950709,0.47904452199,0.47904452199,False
6712BD512DB7,3.5,3.5,3.48280037609,3.05893542988,0.01719962391,0.44106457012,0.44106457012,False
681B9CD21B07,3.5,3.5,2.91741053443,2.83324669579,0.58258946557,0.66675330421,0.66675330421,False
685ABA004ADB,4,3.5,3.24640228682,2.92549245717,0.75359771318,0.57450754283,0.75359771318,False
6867A6767D25,4,3.5,3.6616116606,3.16428231567,0.3383883394,0.33571768433,0.3383883394,False
69241D10E69A,3.5,3.5,3.53150719453,3.60841134823,0.03150719453,0.10841134823,0.10841134823,False
696B864AED8C,3.5,3,3.04859764716,2.85737782705,0.45140235284,0.14262217295,0.45140235284,False
698A3F2B43B9,4,3.5,3.60401442985,3.50862782072,0.39598557015,0.00862782072,0.39598557015,False
6AB122D640E1,3,2.5,3.43475795542,3.56494059757,0.43475795542,1.06494059757,1.06494059757,True
6B850987631D,3,3.5,3.12912782417,3.00333601419,0.12912782417,0.49666398581,0.49666398581,False
6BB4BEB51A80,3,2,3.38210461746,2.9756181044,0.38210461746,0.9756181044,0.9756181044,False
6BC83A3F4934,2.5,2.5,2.72023762258,2.52771872417,0.22023762258,0.02771872417,0.22023762258,False
6BE1E93612AE,3,2,2.89339875509,2.59208137762,0.10660124491,0.59208137762,0.59208137762,False
6C16FC9FE7A4,3,3,2.92817092822,2.58990102804,0.07182907178,0.41009897196,0.41009897196,False
6C802D3F5F2A,3.5,4,3.52659294458,3.46476113691,0.02659294458,0.53523886309,0.53523886309,False
6C98327DA084,3,3.5,3.22343046293,3.11733140265,0.22343046293,0.38266859735,0.38266859735,False
6D06DAD5446C,3.5,3,3.0545387499,2.5910869691,0.4454612501,0.4089130309,0.4454612501,False
6DB65C457200,3.5,3.5,3.10840719198,2.61002139434,0.39159280802,0.88997860566,0.88997860566,False
6EE4A9C8F158,3.5,3.5,3.32350789061,3.46657099479,0.17649210939,0.03342900521,0.17649210939,False
6FDAD6124B9E,3.5,4,3.70880562684,3.57866583055,0.20880562684,0.42133416945,0.42133416945,False
70041E13A0CC,3,2.5,3.6733633163,3.16821930789,0.6733633163,0.66821930789,0.6733633163,False
7007EB8E265D,3,3.5,3.63713358791,3.53603740803,0.63713358791,0.03603740803,0.63713358791,False
70E490A83717,3.5,4.5,3.65396584945,3.67031357944,0.15396584945,0.82968642056,0.82968642056,False
71A9098715EB,3.5,3.5,3.37560401504,3.25711098025,0.12439598496,0.24288901975,0.24288901975,False
7203112033A1,3.5,3.5,3.62791324922,3.53458427502,0.12791324922,0.03458427502,0.12791324922,False
7231635A63C8,3,2,2.91413096176,2.52860508436,0.08586903824,0.52860508436,0.52860508436,False
72766FE38307,2.5,2.5,2.52773478784,2.27119054309,0.02773478784,0.22880945691,0.22880945691,False
72913948CDAA,3,2.5,3.16369201228,2.79397499672,0.16369201228,0.29397499672,0.29397499672,False
7370AB0DDC7F,3,2.5,3.1752114865,2.88597470585,0.1752114865,0.38597470585,0.38597470585,False
7382F8B16AAF,3.5,3,3.10199183952,2.81819410188,0.39800816048,0.18180589812,0.39800816048,False
73851AC4551C,3,3,3.36835746565,3.39346776505,0.36835746565,0.39346776505,0.39346776505,False
73930228893B,3,3.5,2.92373685649,2.66309482391,0.07626314351,0.83690517609,0.83690517609,False
73A997703BC3,3.5,3,3.60255819115,3.50344715067,0.10255819115,0.50344715067,0.50344715067,False
73D2B941F40F,3,2.5,3.35983934171,3.02740082648,0.35983934171,0.52740082648,0.52740082648,False
73D69658CF95,3.5,3,3.62821826236,3.1949920004,0.12821826236,0.1949920004,0.1949920004,False
7445CD7E0985,3,3,2.92387262028,2.48278513149,0.07612737972,0.51721486851,0.51721486851,False
74CDAF3BB9EF,3,2.5,2.84963063908,2.45517808783,0.15036936092,0.04482191217,0.15036936092,False
753E320B186B,3.5,2,2.94606064318,2.94229450936,0.55393935682,0.94229450936,0.94229450936,False
757C5E55BA96,3,3.5,3.15570619268,3.34709614982,0.15570619268,0.15290385018,0.15570619268,False
763EF698F56B,3,2,2.87898503381,2.30842440316,0.12101496619,0.30842440316,0.30842440316,False
772D27D400BB,2.5,2,2.69497826195,2.30732679863,0.19497826195,0.30732679863,0.30732679863,False
7797541CF0A6,3,2,3.28264482237,2.90831031602,0.28264482237,0.90831031602,0.90831031602,False
77A31D0A07A8,3,2.5,3.12544176404,2.64807311156,0.12544176404,0.14807311156,0.14807311156,False
78201045481,3.5,2,3.23186927752,2.98773780427,0.26813072248,0.98773780427,0.98773780427,False
785DBAB78957,3.5,3,3.4699377878,3.42418344547,0.0300622122,0.42418344547,0.42418344547,False
78B6F383CD30,3,2,3.08733632642,2.6967510943,0.08733632642,0.6967510943,0.6967510943,False
78E8970D0C13,3,2.5,3.22393843633,3.29412810241,0.22393843633,0.79412810241,0.79412810241,False
790891A35047,4,3,3.13618384304,3.32809604684,0.86381615696,0.32809604684,0.86381615696,False
79098D096CB8,2.5,2.5,2.74209542081,2.33384913143,0.24209542081,0.16615086857,0.24209542081,False
79484682B23E,3.5,4,3.26193942009,2.98869399104,0.23806057991,1.01130600896,1.01130600896,True
7999A063F80E,3,3.5,3.82587191039,3.82298574787,0.82587191039,0.32298574787,0.82587191039,False
79D634E4575F,3,3.5,3.65419988787,3.12788351958,0.65419988787,0.37211648042,0.65419988787,False
7A0A80926A0D,2.5,2.5,2.85231928006,2.63543464098,0.35231928006,0.13543464098,0.35231928006,False
7A6599531E9C,3,2,3.12030465378,2.75087694415,0.12030465378,0.75087694415,0.75087694415,False
7A66900A3812,2.5,2,2.86736020335,2.416067191,0.36736020335,0.416067191,0.416067191,False
7A68E1FB7863,4,3,3.58207016606,3.28214188008,0.41792983394,0.28214188008,0.41792983394,False
7B2B2910BB90,3,3.5,2.87987457525,2.62017049722,0.12012542475,0.87982950278,0.87982950278,False
7B802407D629,3,3.5,3.55606619297,3.50716718552,0.55606619297,0.00716718552,0.55606619297,False
7CB712FD1253,4,3.5,3.2071087891,2.70987315372,0.7928912109,0.79012684628,0.7928912109,False
7D1825E2F4AD,2.5,3,3.26228168724,3.16548278816,0.76228168724,0.16548278816,0.76228168724,False
7DDFB0CA2BF8,3,3,2.74483365954,2.30292090535,0.25516634046,0.69707909465,0.69707909465,False
7E109A7AC169,3,2.5,3.62235168557,3.302896179,0.62235168557,0.802896179,0.802896179,False
7E29ACA46157,3,2.5,3.20157052899,2.83259900879,0.20157052899,0.33259900879,0.33259900879,False
7E530A20DA68,4,4,3.49324892228,3.3519926668,0.50675107772,0.6480073332,0.6480073332,False
7E669FF93EB9,3,3,3.38784748938,2.95902533271,0.38784748938,0.04097466729,0.38784748938,False
7F0703CF058E,3,2.5,3.61149314294,3.51425369835,0.61149314294,1.01425369835,1.01425369835,True
7F1E8663BAE8,3.5,3,2.87910033702,2.38503911697,0.62089966298,0.61496088303,0.62089966298,False
806672A60686,2.5,2,3.21664378116,3.26139657758,0.71664378116,1.26139657758,1.26139657758,True
80AD3F379BD1,3,2.5,3.02706447976,3.04209919713,0.02706447976,0.54209919713,0.54209919713,False
80DD7EE85BF7,3,3.5,3.18747914055,3.04899665718,0.18747914055,0.45100334282,0.45100334282,False
80F9E6D6503C,2.5,2.5,3.10735257727,3.29610889747,0.60735257727,0.79610889747,0.79610889747,False
81218F777A2F,4,3.5,3.61005928804,3.45549095617,0.38994071196,0.04450904383,0.38994071196,False
8149E792E505,3,3,3.03826366097,2.64780851085,0.03826366097,0.35219148915,0.35219148915,False
81946793B89A,4,4,3.85191644917,3.80205206713,0.14808355083,0.19794793287,0.19794793287,False
81D266D94D6D,4.5,3.5,3.82867286124,3.67376192831,0.67132713876,0.17376192831,0.67132713876,False
82294A32E3E3,4,3.5,3.04917857056,2.78588459889,0.95082142944,0.71411540111,0.95082142944,False
82722CEBCAB3,4,3.5,3.15333724687,2.78038531901,0.84666275313,0.71961468099,0.84666275313,False
82BA3E4396CC,4,3.5,3.72671332608,3.56060100733,0.27328667392,0.06060100733,0.27328667392,False
82F7210163B5,4,3.5,3.71456344678,3.34869345241,0.28543655322,0.15130654759,0.28543655322,False
833F25175AFC,2.5,3,2.80238668019,2.7050005027,0.30238668019,0.2949994973,0.30238668019,False
83C48C5697AE,3,2,3.43642741115,2.94143366518,0.43642741115,0.94143366518,0.94143366518,False
852C90E3FA05,3,2.5,2.66499800135,2.55707595509,0.33500199865,0.05707595509,0.33500199865,False
857B7FB712ED,3,2.5,2.87808095522,2.38518493074,0.12191904478,0.11481506926,0.12191904478,False
858DFA7A9980,2.5,2.5,3.26725232542,3.23999803051,0.76725232542,0.73999803051,0.76725232542,False
85C71A1E0117,3,2.5,2.96244243056,2.57258204805,0.03755756944,0.07258204805,0.07258204805,False
862ACD748291,2.5,2,2.66897717028,2.48674947522,0.16897717028,0.48674947522,0.48674947522,False
869CC4EDD3B5,3,2,2.87437666458,2.6997209782,0.12562333542,0.6997209782,0.6997209782,False
86B2AFB816D5,3.5,2.5,2.84690589667,2.38467310165,0.65309410333,0.11532689835,0.65309410333,False
8772F74F5EE0,4,4,3.21152481189,2.85490148008,0.78847518811,1.14509851992,1.14509851992,True
87A8B315A26E,3,2.5,2.85425764114,2.70582741949,0.14574235886,0.20582741949,0.20582741949,False
8836B8EFCE5A,3,3,2.91584911104,2.80187635784,0.08415088896,0.19812364216,0.19812364216,False
883C1EF358F6,3.5,2.5,3.4246727492,3.47541910402,0.0753272508,0.97541910402,0.97541910402,False
88ECDCC89475,4,3,3.16646005442,2.74895809738,0.83353994558,0.25104190262,0.83353994558,False
88FCD4D35128,3,3,3.19394304657,2.5911504291,0.19394304657,0.4088495709,0.4088495709,False
88FD7FAAFA90,3.5,3,3.65377609413,3.66674967571,0.15377609413,0.66674967571,0.66674967571,False
89ADE1CC1BEC,3.5,3,3.5535222628,3.17864784077,0.0535222628,0.17864784077,0.17864784077,False
8A216BEDA4C2,4,3,3.30248999643,3.38177020031,0.69751000357,0.38177020031,0.69751000357,False
8A80B525C75D,3,3,2.73990556673,2.35212753984,0.26009443327,0.64787246016,0.64787246016,False
8AF043C98622,2.5,3,2.98136595471,2.74603056506,0.48136595471,0.25396943494,0.48136595471,False
8B1EB1890F9B,3,2,2.98868212177,2.49728629036,0.01131787823,0.49728629036,0.49728629036,False
8C0C5CED34D5,3,2.5,2.98681482631,2.8440213481,0.01318517369,0.3440213481,0.3440213481,False
8C3993109983,3,3.5,3.37722101072,3.44071452595,0.37722101072,0.05928547405,0.37722101072,False
8D14BC33208D,2.5,3,2.810825064,2.43022815113,0.310825064,0.56977184887,0.56977184887,False
8D1CD79C0F8D,3.5,3.5,3.61307509696,3.46352811848,0.11307509696,0.03647188152,0.11307509696,False
8D734AF72931,2.5,3,3.14292509873,3.01227979246,0.64292509873,0.01227979246,0.64292509873,False
8DD09D4FCD4F,4,3,3.95118643967,3.74683993373,0.04881356033,0.74683993373,0.74683993373,False
8DF5D7CF4085,3.5,3.5,3.67595243841,3.48819362011,0.17595243841,0.01180637989,0.17595243841,False
8E10A6D2B272,3.5,4,3.32327185706,3.41123820611,0.17672814294,0.58876179389,0.58876179389,False
8E5E6211E4D6,3.5,3.5,3.10931827499,3.08149447832,0.39068172501,0.41850552168,0.41850552168,False
8E6F35BA3EE6,4,3,2.93089324775,3.08618129343,1.06910675225,0.08618129343,1.06910675225,True
8E764A2C7266,3,2,3.16294205996,3.24587912712,0.16294205996,1.24587912712,1.24587912712,True
8EE0540E163D,2,2,2.57092060415,2.52660970213,0.57092060415,0.52660970213,0.57092060415,False
8EF9BE158AD3,3.5,3,3.09800465989,2.59102795687,0.40199534011,0.40897204313,0.40897204313,False
8F16365E363D,3,2,2.94182534431,2.68556381164,0.05817465569,0.68556381164,0.68556381164,False
8F6DFE02DF75,3,2.5,2.71929370631,2.52663781501,0.28070629369,0.02663781501,0.28070629369,False
8FE04E30F621,3.5,4.5,3.48955301541,3.46779295104,0.01044698459,1.03220704896,1.03220704896,True
9000217714BE,3.5,2.5,3.18266704864,3.35840932328,0.31733295136,0.85840932328,0.85840932328,False
90526CA48E47,3.5,4,3.39615892283,3.13804619251,0.10384107717,0.86195380749,0.86195380749,False
9086C0A2BF10,2.5,2.5,2.64840049586,2.33801435466,0.14840049586,0.16198564534,0.16198564534,False
918C1880FCD8,3.5,3.5,3.9057932668,3.78559008026,0.4057932668,0.28559008026,0.4057932668,False
92B418CEA06E,3.5,3.5,3.18532816461,2.91685831412,0.31467183539,0.58314168588,0.58314168588,False
92CD1BD0C18F,3.5,2.5,2.88925817018,2.372627379,0.61074182982,0.127372621,0.61074182982,False
9392E2E0AA1E,3,3,3.12298703683,2.73328019916,0.12298703683,0.26671980084,0.26671980084,False
93B8C8DAFE20,3.5,4,3.44173576892,3.44752625005,0.05826423108,0.55247374995,0.55247374995,False
93DF867BE1C5,2.5,2.5,3.13140931248,2.67834970671,0.63140931248,0.17834970671,0.63140931248,False
940441D4CF9C,3.5,2.5,3.06803363807,2.60318290215,0.43196636193,0.10318290215,0.43196636193,False
95540EBC3FC9,2.5,2.5,3.4331944451,3.02947052088,0.9331944451,0.52947052088,0.9331944451,False
95FD6DF25420,2.5,3,3.00346204357,2.75480030036,0.50346204357,0.24519969964,0.50346204357,False
9613CEAFE86E,3.5,3.5,3.55119699102,3.34436909782,0.05119699102,0.15563090218,0.15563090218,False
96220F2863D1,3.5,3.5,3.39425904314,3.17856955781,0.10574095686,0.32143044219,0.32143044219,False
963AD357A595,2,2,2.72443036894,2.32754799219,0.72443036894,0.32754799219,0.72443036894,False
9715AAF5B952,3,3,3.2888831825,3.40608180536,0.2888831825,0.40608180536,0.40608180536,False
976E2E05C4EB,3.5,3,3.12679156238,2.74733774501,0.37320843762,0.25266225499,0.37320843762,False
97A0FFE91A3E,3,2,3.35773629562,3.33619225835,0.35773629562,1.33619225835,1.33619225835,True
9801CF414927,3.5,3.5,3.10824360584,2.64658157733,0.39175639416,0.85341842267,0.85341842267,False
988BFF516FA0,3,2.5,3.70421366538,3.59806702998,0.70421366538,1.09806702998,1.09806702998,True
98CD7819C7EF,3.5,2,3.33095888104,3.03011440647,0.16904111896,1.03011440647,1.03011440647,True
98D8723E86D0,3.5,3.5,3.31496818732,3.31456476584,0.18503181268,0.18543523416,0.18543523416,False
98D8FF9E3C56,4,3,3.5522055527,3.12898077195,0.4477944473,0.12898077195,0.4477944473,False
992DB55B9726,3,2.5,3.00434270537,2.43038618991,0.00434270537,0.06961381009,0.06961381009,False
997589EE26E6,3,2.5,2.67144871772,2.25326012923,0.32855128228,0.24673987077,0.32855128228,False
99A3641592CA,3,2.5,3.34996006101,3.09988779005,0.34996006101,0.59988779005,0.59988779005,False
99CAD0AF3560,3,3.5,3.33364189788,3.62380441026,0.33364189788,0.12380441026,0.33364189788,False
9A5193D1C19B,3,3.5,3.72676500748,3.49016941802,0.72676500748,0.00983058198,0.72676500748,False
9ABF7B48B802,3,2.5,3.17427622836,2.94454675335,0.17427622836,0.44454675335,0.44454675335,False
9AC32EA4050B,3.5,2.5,3.39564929466,3.24099987145,0.10435070534,0.74099987145,0.74099987145,False
9AC838864995,4,3.5,3.29752313016,3.19072694155,0.70247686984,0.30927305845,0.70247686984,False
9ADC4A3BFDD0,3,2.5,3.22137465591,2.88021492714,0.22137465591,0.38021492714,0.38021492714,False
9B4C52064991,2.5,3,3.37028407851,3.49350119598,0.87028407851,0.49350119598,0.87028407851,False
9B5E878ED861,3.5,3,3.18706646437,3.06791948574,0.31293353563,0.06791948574,0.31293353563,False
9BF717F45D68,3,3.5,3.10577598105,3.02351847443,0.10577598105,0.47648152557,0.47648152557,False
9C1B60E737FB,3.5,3.5,3.48349348992,3.02027876549,0.01650651008,0.47972123451,0.47972123451,False
9C57307D58A5,3.5,3,2.97948847047,2.62698391441,0.52051152953,0.37301608559,0.52051152953,False
9C601D9FCB5F,3.5,2.5,3.24280727929,2.91123630899,0.25719272071,0.41123630899,0.41123630899,False
9C6132E41DDE,3,3.5,3.37169289436,3.43660509578,0.37169289436,0.06339490422,0.37169289436,False
9CB69011AE54,2.5,2,2.72318333716,2.56619869326,0.22318333716,0.56619869326,0.56619869326,False
9DA131E0F720,3,3.5,3.65814998813,3.48481151114,0.65814998813,0.01518848886,0.65814998813,False
9E478C982AD0,2.5,3,2.9340462802,3.06444471793,0.4340462802,0.06444471793,0.4340462802,False
9E817DB62497,3,3,3.32085298088,3.40241760899,0.32085298088,0.40241760899,0.40241760899,False
9EAB766AF4BE,3,3.5,3.65267620231,3.72211394354,0.65267620231,0.22211394354,0.65267620231,False
9EADCECA2FB8,3,3,2.67947990013,2.32526851361,0.32052009987,0.67473148639,0.67473148639,False
9EBA120196BC,3,4,3.02341293829,3.09543256135,0.02341293829,0.90456743865,0.90456743865,False
9EC4A16802BF,4.5,4.5,3.47215946381,3.48457578483,1.02784053619,1.01542421517,1.02784053619,True
9F27EAC1E27D,4,3,3.61540723217,3.5722848105,0.38459276783,0.5722848105,0.5722848105,False
9F401E75755A,3,4,3.08315473654,2.65905980037,0.08315473654,1.34094019963,1.34094019963,True
9FD1F622BAC3,2.5,2,3.14415578714,2.97606660645,0.64415578714,0.97606660645,0.97606660645,False
9FDD8A146288,2.5,2.5,2.66990166412,2.40354973387,0.16990166412,0.09645026613,0.16990166412,False
A094036DE672,3.5,4,3.02687607521,2.69549802782,0.47312392479,1.30450197218,1.30450197218,True
A0A2D6856B0E,3,2.5,3.33292816184,3.27639335804,0.33292816184,0.77639335804,0.77639335804,False
A0E95D8119F7,2.5,2.5,3.18572510092,2.77968456874,0.68572510092,0.27968456874,0.68572510092,False
A10755158FEF,3,3,3.24678054565,2.99466568613,0.24678054565,0.00533431387,0.24678054565,False
A10E91E49973,4,3,3.73377448906,3.49153516263,0.26622551094,0.49153516263,0.49153516263,False
A11969208401,3,3,3.32194182666,3.42655851105,0.32194182666,0.42655851105,0.42655851105,False
A18B82F7407B,3.5,4,3.19650271613,2.88896365194,0.30349728387,1.11103634806,1.11103634806,True
A1D0490FD324,3.5,3.5,3.5074792351,3.62370019154,0.0074792351,0.12370019154,0.12370019154,False
A1DE235AFFC8,3,2.5,3.0472862453,2.83238841664,0.0472862453,0.33238841664,0.33238841664,False
A336FB5F2623,3.5,3.5,3.05099488634,2.59358287179,0.44900511366,0.90641712821,0.90641712821,False
A38A3B76558A,3.5,3.5,3.49380705288,3.10022235274,0.00619294712,0.39977764726,0.39977764726,False
A3A0AB366927,3.5,3,3.82979467843,3.65854892253,0.32979467843,0.65854892253,0.65854892253,False
A3E6A572C6E5,4,3,3.23576795362,2.76704921222,0.76423204638,0.23295078778,0.76423204638,False
A47106D7B784,2.5,3.5,3.27864393863,3.0638124395,0.77864393863,0.4361875605,0.77864393863,False
A4C46FEBBCC4,3,3.5,3.13274117198,2.91855446911,0.13274117198,0.58144553089,0.58144553089,False
A4DA4201903F,2.5,2,2.58812907371,2.32655609266,0.08812907371,0.32655609266,0.32655609266,False
A6745A8EE7AF,3.5,2.5,2.94400623618,2.60433018662,0.55599376382,0.10433018662,0.55599376382,False
A6A6C7852F05,3,3,3.36571563271,3.32365929373,0.36571563271,0.32365929373,0.36571563271,False
A6BE0FAFA04B,3,3,3.16283062916,2.82509394553,0.16283062916,0.17490605447,0.17490605447,False
A72F4E50ED92,3.5,2,3.1869177688,2.91216847798,0.3130822312,0.91216847798,0.91216847798,False
A764E2DFDDD7,3,2,2.90892189996,2.62396113488,0.09107810004,0.62396113488,0.62396113488,False
A84FFDD09442,3.5,2.5,3.07595260807,2.81305767412,0.42404739193,0.31305767412,0.42404739193,False
A87C80DEAB08,3,3,3.29746723087,2.91826178024,0.29746723087,0.08173821976,0.29746723087,False
A88FB1D1C8BD,3.5,3,3.06324830854,2.62815048944,0.43675169146,0.37184951056,0.43675169146,False
A98482015F5A,4.5,4.5,3.81730977869,3.61700792542,0.68269022131,0.88299207458,0.88299207458,False
AA0919FCDEDC,2,1.5,3.07447364583,2.6191700527,1.07447364583,1.1191700527,1.1191700527,True
AA8DA5629CBC,2.5,3,3.2899761263,3.23554045517,0.7899761263,0.23554045517,0.7899761263,False
AAF42F8A396F,3,3,2.8075163386,2.54932737786,0.1924836614,0.45067262214,0.45067262214,False
AB2FD69DBACF,3,2,3.12699290437,2.84181774649,0.12699290437,0.84181774649,0.84181774649,False
AB6284069E18,3,3,3.56221132488,3.43721995832,0.56221132488,0.43721995832,0.56221132488,False
ABC59FCA6150,3,2.5,3.11927422777,2.55147664461,0.11927422777,0.05147664461,0.11927422777,False
ABFEE879153D,3.5,2.5,3.25021735993,3.0561385789,0.24978264007,0.5561385789,0.5561385789,False
AC1F60D0F85D,3,3,3.20924837842,3.01075431044,0.20924837842,0.01075431044,0.20924837842,False
AC3111702C95,4,4,3.67616779472,3.59930994412,0.32383220528,0.40069005588,0.40069005588,False
AC9719A6A375,4,3.5,3.56237493417,3.20736362015,0.43762506583,0.29263637985,0.43762506583,False
AD175892EC1C,3.5,3,3.62111395432,3.43228282861,0.12111395432,0.43228282861,0.43228282861,False
AD5F7E8C127F,3.5,3.5,3.28937839529,2.87292690044,0.21062160471,0.62707309956,0.62707309956,False
AE2E6B3472DB,3,2.5,3.06050318239,2.89632355393,0.06050318239,0.39632355393,0.39632355393,False
AE8A9585640A,3.5,3.5,3.21161882524,3.32213119368,0.28838117476,0.17786880632,0.28838117476,False
AECE763751DB,3.5,3,3.08060210456,2.91316509904,0.41939789544,0.08683490096,0.41939789544,False
AEDDD593BF0F,3,3.5,3.14729532899,3.31885865888,0.14729532899,0.18114134112,0.18114134112,False
AFB5CC3E27EB,3,2.5,3.22713847922,2.67658269408,0.22713847922,0.17658269408,0.22713847922,False
AFC600D922F6,3,2,3.083945101,2.59439500196,0.083945101,0.59439500196,0.59439500196,False
AFE6CAE937D8,3,2.5,2.8722484244,2.45541710936,0.1277515756,0.04458289064,0.1277515756,False
B0DFC5E93591,2,2,2.34976766793,2.22063033949,0.34976766793,0.22063033949,0.34976766793,False
B18BEE398BAD,2.5,2.5,2.5981725407,2.31908228251,0.0981725407,0.18091771749,0.18091771749,False
B1BF25C4C28B,4,3.5,3.71824830923,3.30233340936,0.28175169077,0.19766659064,0.28175169077,False
B2123357B114,3,2.5,3.26414269056,2.99899545855,0.26414269056,0.49899545855,0.49899545855,False
B23BDDB4B5FA,4,3.5,3.29435537743,3.35523889582,0.70564462257,0.14476110418,0.70564462257,False
B261F438E0DA,3,3.5,3.09040302634,2.87210318682,0.09040302634,0.62789681318,0.62789681318,False
B2D03F892B0D,3,3,3.15008622843,2.84455236592,0.15008622843,0.15544763408,0.15544763408,False
B3AB4E6C5678,3,2.5,3.04027005753,2.82475017084,0.04027005753,0.32475017084,0.32475017084,False
B469122B9ACB,3,2.5,3.38442710684,3.06338352215,0.38442710684,0.56338352215,0.56338352215,False
B46E31AA2653,3.5,3,3.26695347893,3.38878139691,0.23304652107,0.38878139691,0.38878139691,False
B50C9D328FAD,4.5,4.5,3.42831277082,3.12312609501,1.07168722918,1.37687390499,1.37687390499,True
B5106AB5C81C,2.5,2.5,2.95465678031,2.62714829194,0.45465678031,0.12714829194,0.45465678031,False
B543953F757A,3,2.5,3.27769371008,2.80472521543,0.27769371008,0.30472521543,0.30472521543,False
B5AE26EEE247,3.5,3.5,3.06021882252,2.88957843059,0.43978117748,0.61042156941,0.61042156941,False
B5FFED1536FE,3,2.5,2.83998874875,2.45538453675,0.16001125125,0.04461546325,0.16001125125,False
B68C62AB1515,4.5,4.5,3.68543705312,3.57890170097,0.81456294688,0.92109829903,0.92109829903,False
B6D958C73D90,2.5,2.5,3.52509512733,3.44417818645,1.02509512733,0.94417818645,1.02509512733,True
B7626C8D1FAB,3.5,3.5,3.48177184637,3.14484304769,0.01822815363,0.35515695231,0.35515695231,False
B794B3C07254,4,3.5,3.10006226248,2.66239203142,0.89993773752,0.83760796858,0.89993773752,False
B7FABBC13A0F,3.5,3.5,3.60884746626,3.04476660878,0.10884746626,0.45523339122,0.45523339122,False
B7FCFC6A7011,3,3,2.89686681844,2.51451915602,0.10313318156,0.48548084398,0.48548084398,False
B83DD09D3129,2,2,3.19466824037,2.91372475533,1.19466824037,0.91372475533,1.19466824037,True
B8656754E9EB,3.5,3,3.35899335015,3.20488368374,0.14100664985,0.20488368374,0.20488368374,False
B9A542B2C36C,3,3.5,3.01340362874,2.87404064819,0.01340362874,0.62595935181,0.62595935181,False
B9DABCFD687D,3,3,3.19728708052,2.85162530392,0.19728708052,0.14837469608,0.19728708052,False
BA9DA5122C58,4,4,3.37425584632,3.18323358361,0.62574415368,0.81676641639,0.81676641639,False
BAD99FB704BB,4,2.5,3.13600480259,2.78589111695,0.86399519741,0.28589111695,0.86399519741,False
BB18A75AC035,4,4,3.38597861228,3.16907158555,0.61402138772,0.83092841445,0.83092841445,False
BB5D6C14712D,3,2.5,3.26112520366,3.21158167871,0.26112520366,0.71158167871,0.71158167871,False
BBB9D66F934C,3,3,3.16979923017,3.14508307524,0.16979923017,0.14508307524,0.16979923017,False
BC1F1C37721E,3.5,4,3.34265251069,3.37807065926,0.15734748931,0.62192934074,0.62192934074,False
BC8115EEB029,2,2.5,3.28334505009,3.18318674018,1.28334505009,0.68318674018,1.28334505009,True
BDAE1D4B6C20,3.5,3.5,4.0186011253,3.79183834442,0.5186011253,0.29183834442,0.5186011253,False
BE1752DCF09C,3,2.5,2.84769827866,2.49242407785,0.15230172134,0.00757592215,0.15230172134,False
BE4764F7BFF1,4,4.5,4.12273613959,3.92214704316,0.12273613959,0.57785295684,0.57785295684,False
BEFA85A6134B,3,2,3.10848408255,2.55201288734,0.10848408255,0.55201288734,0.55201288734,False
BF0AF86DFDE1,3.5,4,3.45771739816,3.45029411271,0.04228260184,0.54970588729,0.54970588729,False
BF267B42A2A4,3,3.5,3.1289310975,2.71143465894,0.1289310975,0.78856534106,0.78856534106,False
BF580042A644,3,3,3.86049971547,3.719990191,0.86049971547,0.719990191,0.86049971547,False
BFAEA615906C,4,4,3.52204669555,3.54954453381,0.47795330445,0.45045546619,0.47795330445,False
BFB07811C92D,3,2,3.06410373176,2.65681847876,0.06410373176,0.65681847876,0.65681847876,False
C01AC1CDDD65,3,3,2.83456336011,2.44782509847,0.16543663989,0.55217490153,0.55217490153,False
C0643251A96A,3,3,2.81090589719,2.50089024893,0.18909410281,0.49910975107,0.49910975107,False
C0B30026B439,3,3,3.08830974001,2.8165055566,0.08830974001,0.1834944434,0.1834944434,False
C15EC5707409,3,2.5,3.53641606352,3.4300836355,0.53641606352,0.9300836355,0.9300836355,False
C277BE295A41,3.5,4.5,3.70888470805,3.60710308675,0.20888470805,0.89289691325,0.89289691325,False
C2D061782462,3.5,4,3.36026017803,3.42645608061,0.13973982197,0.57354391939,0.57354391939,False
C31C0ED2A05C,3,2,2.8262690983,2.40634545521,0.1737309017,0.40634545521,0.40634545521,False
C37F09E24836,4,3.5,3.61220463395,3.34806047282,0.38779536605,0.15193952718,0.38779536605,False
C40BB9E0BC6C,2.5,2,3.24095805786,2.86468090578,0.74095805786,0.86468090578,0.86468090578,False
C465964DA6D5,3,2.5,3.04947682074,2.73253832714,0.04947682074,0.23253832714,0.23253832714,False
C4A874260D21,3,2.5,3.2187259603,2.97494715664,0.2187259603,0.47494715664,0.47494715664,False
C548AD0C706C,3,2,2.93232648142,2.59985725789,0.06767351858,0.59985725789,0.59985725789,False
C5DE10EA489B,4,3.5,3.28324335313,2.99574674058,0.71675664687,0.50425325942,0.71675664687,False
C616CFDBCA6A,4.5,4.5,3.45165756735,3.46222164157,1.04834243265,1.03777835843,1.04834243265,True
C662BDD50395,3.5,4.5,3.31011516451,3.53258039379,0.18988483549,0.96741960621,0.96741960621,False
C6A047494477,2.5,2.5,2.81624120805,2.42921295259,0.31624120805,0.07078704741,0.31624120805,False
C6DDD966C9FC,5,4.5,3.84742626893,3.78341622341,1.15257373107,0.71658377659,1.15257373107,True
C70AEFA3CD16,3.5,3,3.04751137157,2.58150644978,0.45248862843,0.41849355022,0.45248862843,False
C76DBCE18AF0,3.5,3.5,3.0136691771,2.80908646257,0.4863308229,0.69091353743,0.69091353743,False
C7CE778367F6,3,3,3.74059576035,3.4259031912,0.74059576035,0.4259031912,0.74059576035,False
C82037D6072F,3,3,3.23065740401,2.90139325516,0.23065740401,0.09860674484,0.23065740401,False
C858F547F2AD,3.5,4,3.45486178093,3.43832570245,0.04513821907,0.56167429755,0.56167429755,False
C8620D9D22DC,3,3,3.30922410485,3.44490481844,0.30922410485,0.44490481844,0.44490481844,False
C87D8E9C6248,2.5,2,2.9305763196,2.61368303495,0.4305763196,0.61368303495,0.61368303495,False
C8EF7048C03F,3,2.5,3.63677768503,3.59329935283,0.63677768503,1.09329935283,1.09329935283,True
C954A6D0B707,2.5,4,3.16445832524,3.33109976461,0.66445832524,0.66890023539,0.66890023539,False
C972C565A819,3,2.5,3.31448114611,3.13036601969,0.31448114611,0.63036601969,0.63036601969,False
CA3EB3AA11FC,1.5,1,2.55214383091,2.17308677824,1.05214383091,1.17308677824,1.17308677824,True
CA4941643D09,3,3,3.18330927076,2.9389557873,0.18330927076,0.0610442127,0.18330927076,False
CA58CF3D8943,3,2,3.04266419704,2.58972159061,0.04266419704,0.58972159061,0.58972159061,False
CA64C82B0F26,2.5,3,2.8519611233,2.433552914,0.3519611233,0.566447086,0.566447086,False
CA7CE4CE7ED3,3.5,3,3.46778300785,3.2934742505,0.03221699215,0.2934742505,0.2934742505,False
CB120B25B46E,4,3.5,3.29292684447,3.33440197717,0.70707315553,0.16559802283,0.70707315553,False
CB2F9A2B612B,3,4,3.39116683563,3.37355848623,0.39116683563,0.62644151377,0.62644151377,False
CBA73A4D5C18,3,2,2.98338212979,2.49425054005,0.01661787021,0.49425054005,0.49425054005,False
CBDE3C526D05,3,2.5,2.99445525625,2.93503679951,0.00554474375,0.43503679951,0.43503679951,False
CBF103FE58DD,2.5,2.5,2.72051462702,2.47437777498,0.22051462702,0.02562222502,0.22051462702,False
CC11E4C2FE01,3,3.5,3.22821874856,3.41335150549,0.22821874856,0.08664849451,0.22821874856,False
CC149CD4B584,3,3,3.10846494498,2.86575660008,0.10846494498,0.13424339992,0.13424339992,False
CCA58535073C,3.5,2.5,3.2329691318,3.27238508173,0.2670308682,0.77238508173,0.77238508173,False
CCB13E22A439,2.5,2.5,3.17084461006,2.84437118599,0.67084461006,0.34437118599,0.67084461006,False
CCDD77656701,3,3.5,3.17888693439,2.80157081679,0.17888693439,0.69842918321,0.69842918321,False
CD9AF89E5CA1,3.5,2,3.35986476077,3.05131641428,0.14013523923,1.05131641428,1.05131641428,True
CDDAB6C29BF8,3,3,2.82135103612,2.70465749744,0.17864896388,0.29534250256,0.29534250256,False
CDE661A599F5,4,3,3.54313528644,3.07285123091,0.45686471356,0.07285123091,0.45686471356,False
CEC5B40D1688,4.5,4,3.67167971354,3.25585035557,0.82832028646,0.74414964443,0.82832028646,False
CEC6870D564F,2,2,2.9450256074,2.70146170684,0.9450256074,0.70146170684,0.9450256074,False
CEE41F7526FA,3,3,3.40182366786,3.35850371227,0.40182366786,0.35850371227,0.40182366786,False
CEFDC545C24F,3.5,3.5,3.26611940139,3.58537734088,0.23388059861,0.08537734088,0.23388059861,False
CF3DC2587708,3,2.5,2.97665108398,2.58439389789,0.02334891602,0.08439389789,0.08439389789,False
CFD454F55693,3,2.5,2.82238532592,2.45687928385,0.17761467408,0.04312071615,0.17761467408,False
D001F6D3A0D0,4,3.5,3.44541482378,3.24837314005,0.55458517622,0.25162685995,0.55458517622,False
D01F88C1F2A0,3,3,3.29568011589,2.9189112476,0.29568011589,0.0810887524,0.29568011589,False
D03AC4A82463,2.5,2,2.84415447589,2.6583081001,0.34415447589,0.6583081001,0.6583081001,False
D06EDF336392,2.5,2.5,3.37515912462,2.87867192638,0.87515912462,0.37867192638,0.87515912462,False
D14413B502FD,3,3,3.6527792228,3.40404890373,0.6527792228,0.40404890373,0.6527792228,False
D175411080CC,3.5,3.5,3.43107067718,2.87237052917,0.06892932282,0.62762947083,0.62762947083,False
D1769512AB23,2,2,2.7286490714,2.29399454086,0.7286490714,0.29399454086,0.7286490714,False
D184EDBFB3B8,3,3,3.17618868368,3.28396807015,0.17618868368,0.28396807015,0.28396807015,False
D1A682106D3C,3,3.5,3.23130298445,3.07318764148,0.23130298445,0.42681235852,0.42681235852,False
D1B9A2A7BEDA,3.5,3,3.15907381716,2.8043120943,0.34092618284,0.1956879057,0.34092618284,False
D1D770AF6855,5,3.5,3.5343874469,3.51283430578,1.4656125531,0.01283430578,1.4656125531,True
D2517350CB3A,3.5,3,3.17935876294,2.84625677882,0.32064123706,0.15374322118,0.32064123706,False
D25868F1C5C3,2.5,2.5,2.96750437903,3.19496856555,0.46750437903,0.69496856555,0.69496856555,False
D2FB14A7C43B,3,2,3.37414395232,2.97525264465,0.37414395232,0.97525264465,0.97525264465,False
D326DB3F4FCF,3,2.5,2.62139071661,2.57643359189,0.37860928339,0.07643359189,0.37860928339,False
D344D0003B84,3.5,2,3.56496001331,3.44316896381,0.06496001331,1.44316896381,1.44316896381,True
D3612C6F0653,3,3.5,3.21629494153,3.09432959679,0.21629494153,0.40567040321,0.40567040321,False
D3F44CC7EC17,4,4,3.12212603951,3.01080832602,0.87787396049,0.98919167398,0.98919167398,False
D41787486DA6,2.5,2.5,2.68686397196,2.25897326692,0.18686397196,0.24102673308,0.24102673308,False
D42B6354404D,3,4,3.17024720906,3.33669751253,0.17024720906,0.66330248747,0.66330248747,False
D5AC4A35BAF8,3.5,3.5,3.14541159457,2.7265590405,0.35458840543,0.7734409595,0.7734409595,False
D5C7212A31FD,2,2,3.04673705278,2.56015181095,1.04673705278,0.56015181095,1.04673705278,True
D5C7AA1266CC,3.5,3.5,3.35774043648,3.04389700326,0.14225956352,0.45610299674,0.45610299674,False
D5E3716C5E49,4,3,3.40728964873,3.52567597798,0.59271035127,0.52567597798,0.59271035127,False
D6278021E119,3.5,3,2.63124191216,2.463640295,0.86875808784,0.536359705,0.86875808784,False
D6407F1D3515,3.5,3.5,3.34371824987,3.40555279665,0.15628175013,0.09444720335,0.15628175013,False
D669349412FB,2,2,3.34141880102,3.25689054775,1.34141880102,1.25689054775,1.34141880102,True
D7301CAAFAB0,2.5,2,2.96006774853,2.57721739265,0.46006774853,0.57721739265,0.57721739265,False
D760EF65B80C,3,4,3.53039280658,3.42634925054,0.53039280658,0.57365074946,0.57365074946,False
D779EEB6F8BC,3,4,3.38560111701,3.54229687272,0.38560111701,0.45770312728,0.45770312728,False
D81AEDF6E262,3,3.5,3.63103889368,3.08095301551,0.63103889368,0.41904698449,0.63103889368,False
D840D9ED669C,3,2.5,2.76986011108,2.4674664786,0.23013988892,0.0325335214,0.23013988892,False
D9018539576D,4.5,4.5,4.19139255676,4.04583621775,0.30860744324,0.45416378225,0.45416378225,False
D91D25F55AD9,3.5,4,3.50504080854,3.23985414622,0.00504080854,0.76014585378,0.76014585378,False
D92BFF2AC7FD,3,3,3.36705924241,3.05693135374,0.36705924241,0.05693135374,0.36705924241,False
D96EF27304E5,3.5,3.5,3.44800009287,3.15486655478,0.05199990713,0.34513344522,0.34513344522,False
D9FC1CDE9B10,3,2.5,2.88003664765,2.7673276995,0.11996335235,0.2673276995,0.2673276995,False
DA228B928B61,3.5,3.5,3.33347896982,3.42621239758,0.16652103018,0.07378760242,0.16652103018,False
DA674E9EB26C,3.5,3.5,3.16753544284,3.01783037503,0.33246455716,0.48216962497,0.48216962497,False
DA86BC9B9FB6,4,3,3.22854138944,2.78418183764,0.77145861056,0.21581816236,0.77145861056,False
DA8E64EC1304,3,2,2.64689957915,2.37687215031,0.35310042085,0.37687215031,0.37687215031,False
DB050381035B,2,2,3.11911205079,2.7382864744,1.11911205079,0.7382864744,1.11911205079,True
DB2E935F461F,3.5,4,3.54646824834,3.17771024963,0.04646824834,0.82228975037,0.82228975037,False
DB69B98973B6,4,4,3.28258760843,3.12517692991,0.71741239157,0.87482307009,0.87482307009,False
DB85B6DDB462,3,3.5,2.90135151118,2.47312845592,0.09864848882,1.02687154408,1.02687154408,True
DBAB680CBC5D,3,2,2.96355592299,3.11566406822,0.03644407701,1.11566406822,1.11566406822,True
DC1271D1294D,4,4,3.40501622475,3.1074349609,0.59498377525,0.8925650391,0.8925650391,False
DC391957FF10,3,2.5,2.85991866776,2.6214852332,0.14008133224,0.1214852332,0.14008133224,False
DC467256CD82,4,3.5,4.1468670668,3.90857895405,0.1468670668,0.40857895405,0.40857895405,False
DC56EF65D59D,3.5,3,3.21755491283,2.76125263578,0.28244508717,0.23874736422,0.28244508717,False
DC7F27315FCF,3.5,3.5,3.36438315046,2.9545288999,0.13561684954,0.5454711001,0.5454711001,False
DCCA609D1212,3,3.5,3.58902946972,3.59754134822,0.58902946972,0.09754134822,0.58902946972,False
DCED139D2C03,3,3,3.29427163018,2.91743616773,0.29427163018,0.08256383227,0.29427163018,False
DCF9F70FBA91,4,4,3.31150759863,3.37680620495,0.68849240137,0.62319379505,0.68849240137,False
DCFBEEAC3AA8,2.5,2,2.60771728397,2.53175154598,0.10771728397,0.53175154598,0.53175154598,False
DD96F81877AF,3.5,3,2.70147502672,2.60221931342,0.79852497328,0.39778068658,0.79852497328,False
DDB673D3627D,3,2,3.3412938673,2.92852482517,0.3412938673,0.92852482517,0.92852482517,False
DDD24AF9146F,4,3.5,3.50742298776,3.05625648672,0.49257701224,0.44374351328,0.49257701224,False
DE54F3466948,3,2,3.02186880481,2.62345916337,0.02186880481,0.62345916337,0.62345916337,False
DE8162CAC353,3,3,3.18460495406,3.34081699816,0.18460495406,0.34081699816,0.34081699816,False
DE841BF24A2F,3.5,2,3.38518839317,3.36682944581,0.11481160683,1.36682944581,1.36682944581,True
DEB7816C7CAF,2.5,2,2.70773398122,2.48575536542,0.20773398122,0.48575536542,0.48575536542,False
DEC50B420484,3,3,3.11057659257,3.34491111356,0.11057659257,0.34491111356,0.34491111356,False
DEDCC703F6FC,3.5,3.5,3.70346586335,3.51269665035,0.20346586335,0.01269665035,0.20346586335,False
DF328FBE5029,3,2.5,2.7258329408,2.40434068367,0.2741670592,0.09565931633,0.2741670592,False
DFD93C26F453,3,3.5,3.15198510955,3.22169570479,0.15198510955,0.27830429521,0.27830429521,False
E04208981449,4,3,3.24523859391,2.83469482409,0.75476140609,0.16530517591,0.75476140609,False
E0BDF62838F7,2.5,3,2.86974342791,2.81888387251,0.36974342791,0.18111612749,0.36974342791,False
E1EC4869981F,4.5,3.5,3.40582608111,3.13708004432,1.09417391889,0.36291995568,1.09417391889,True
E21BAA47A9F4,4,3.5,3.58505377373,3.50701106244,0.41494622627,0.00701106244,0.41494622627,False
E24ADB91F6D3,3,3,3.35032263695,3.03725110415,0.35032263695,0.03725110415,0.35032263695,False
E2A60C034849,2.5,3,3.02911295544,2.69659101709,0.52911295544,0.30340898291,0.52911295544,False
E2C3F26AB94D,4.5,3.5,3.24718797613,3.42106320591,1.25281202387,0.07893679409,1.25281202387,True
E2E6984894BC,2.5,2.5,2.6093425184,2.33565930317,0.1093425184,0.16434069683,0.16434069683,False
E2FC55BF5005,3.5,4,3.18146252379,3.18946393953,0.31853747621,0.81053606047,0.81053606047,False
E3096B04916A,4,3,3.50595532375,3.37562677452,0.49404467625,0.37562677452,0.49404467625,False
E312449DF480,3,3.5,3.2528722768,3.4490679189,0.2528722768,0.0509320811,0.2528722768,False
E31B2A06C28C,3,2.5,3.28683079473,3.13019751301,0.28683079473,0.63019751301,0.63019751301,False
E353A05E7C8C,3,3,3.07487394961,2.98053242032,0.07487394961,0.01946757968,0.07487394961,False
E3CCA8712549,4,3.5,3.24099689604,3.29392996945,0.75900310396,0.20607003055,0.75900310396,False
E429DAB69106,3.5,3,3.35339191654,3.31393000496,0.14660808346,0.31393000496,0.31393000496,False
E43EB471951D,2,2,2.83974953901,2.43505019445,0.83974953901,0.43505019445,0.83974953901,False
E47A7E497F78,3,3,3.12027652896,3.22172699429,0.12027652896,0.22172699429,0.22172699429,False
E4F813D54870,3,3,3.33986934671,3.06102356864,0.33986934671,0.06102356864,0.33986934671,False
E55289EA6492,2.5,2,2.63320118727,2.3401701659,0.13320118727,0.3401701659,0.3401701659,False
E5621447B675,2,2.5,2.78721990365,2.82147687037,0.78721990365,0.32147687037,0.78721990365,False
E5F1CCC31762,3.5,3,2.86730920119,2.61164677649,0.63269079881,0.38835322351,0.63269079881,False
E6122E9ABFA3,3,3.5,3.3057483388,3.23537488047,0.3057483388,0.26462511953,0.3057483388,False
E71DABB44645,3.5,3.5,3.29804022404,2.86689903908,0.20195977596,0.63310096092,0.63310096092,False
E73CF852AC12,3.5,3.5,3.48131971626,3.04763951801,0.01868028374,0.45236048199,0.45236048199,False
E7EFD51B632F,5,4,4.11410103439,3.88396240289,0.88589896561,0.11603759711,0.88589896561,False
E7F9A77683D2,3,3.5,3.01407262264,3.19296333317,0.01407262264,0.30703666683,0.30703666683,False
E8257C027079,3,3.5,3.04243999264,2.9173558715,0.04243999264,0.5826441285,0.5826441285,False
E877D5AD16DA,3,3,3.07319885789,3.12683093307,0.07319885789,0.12683093307,0.12683093307,False
E89C57CE37A6,2.5,2.5,2.74689977271,2.40063008404,0.24689977271,0.09936991596,0.24689977271,False
E8C3FA5907B0,3,3.5,3.34284903579,3.37566749647,0.34284903579,0.12433250353,0.34284903579,False
E8E07D453C9B,3,2.5,3.36440665202,3.01297989455,0.36440665202,0.51297989455,0.51297989455,False
E8F77B7EB4D9,3.5,3,3.22453905161,3.00638366898,0.27546094839,0.00638366898,0.27546094839,False
E952F0EB5083,3,3.5,3.5944045867,3.55938434546,0.5944045867,0.05938434546,0.5944045867,False
E974548BFD00,3.5,3.5,3.65408052191,3.50203983788,0.15408052191,0.00203983788,0.15408052191,False
EA105A8B8699,3,3.5,3.24749108726,3.23095748011,0.24749108726,0.26904251989,0.26904251989,False
EA42A6028804,3.5,3,3.6824347259,3.36746737897,0.1824347259,0.36746737897,0.36746737897,False
EA5B3C8E09D1,3.5,4,3.18477240387,3.26771892656,0.31522759613,0.73228107344,0.73228107344,False
EAE71A9E0247,2.5,3,3.1300226017,3.35119398008,0.6300226017,0.35119398008,0.6300226017,False
EB5924FBD25C,4,3.5,3.27600129307,2.91078855792,0.72399870693,0.58921144208,0.72399870693,False
EB8030177678,3.5,3,3.0865234922,2.69907659402,0.4134765078,0.30092340598,0.4134765078,False
EC2758A5B74E,4.5,5,4.13671052501,3.92316750871,0.36328947499,1.07683249129,1.07683249129,True
EC35456D4E07,2.5,4,3.17725735661,3.26388106151,0.67725735661,0.73611893849,0.73611893849,False
EC5138D8C9D6,3,2.5,2.57323164541,2.29071221258,0.42676835459,0.20928778742,0.42676835459,False
ECC9E84CD3D1,3,4,3.11545890048,3.01923910906,0.11545890048,0.98076089094,0.98076089094,False
ED0A8E614649,4,4,3.9806094661,3.76767325189,0.0193905339,0.23232674811,0.23232674811,False
ED35A1FF5ACC,3.5,3.5,3.38941695871,3.37934513664,0.11058304129,0.12065486336,0.12065486336,False
EDA3FF6D2DCA,2,2.5,3.13085849395,3.33694142076,1.13085849395,0.83694142076,1.13085849395,True
EDE0A58B0B47,3,3.5,3.20655300866,2.91502266966,0.20655300866,0.58497733034,0.58497733034,False
EE3E133A2D55,3,3,3.56137563275,3.04076171158,0.56137563275,0.04076171158,0.56137563275,False
EE855A723FE0,2.5,2,3.34198662287,2.92494518689,0.84198662287,0.92494518689,0.92494518689,False
EE9EA950AAE1,2.5,2,3.00005524572,2.75620152888,0.50005524572,0.75620152888,0.75620152888,False
EEB113169637,3,2,3.1885126766,3.02285195313,0.1885126766,1.02285195313,1.02285195313,True
EF2E939F92B2,3.5,3,3.34452989064,2.76907514721,0.15547010936,0.23092485279,0.23092485279,False
EF4966D17FFB,3,3.5,3.39591750423,3.03961398009,0.39591750423,0.46038601991,0.46038601991,False
EF7E0CBD62D2,3,2,2.74902297266,2.40614227024,0.25097702734,0.40614227024,0.40614227024,False
EFBF293CC2AF,4,3.5,3.46044714829,3.18588447394,0.53955285171,0.31411552606,0.53955285171,False
EFD7D87EF4C9,4,3.5,3.50375018916,3.47456771008,0.49624981084,0.02543228992,0.49624981084,False
EFDC396D9F7A,3,2.5,2.75808302379,2.38046253468,0.24191697621,0.11953746532,0.24191697621,False
EFF1803E4B81,3,3,3.40507406489,3.18735233881,0.40507406489,0.18735233881,0.40507406489,False
F0116D8BA334,3,2.5,3.44716074302,2.98679606556,0.44716074302,0.48679606556,0.48679606556,False
F0524CAE23DC,3,2,2.88901676878,2.61615520318,0.11098323122,0.61615520318,0.61615520318,False
F074C2FEC1AF,3.5,3.5,3.49784052316,3.51268631135,0.00215947684,0.01268631135,0.01268631135,False
F075F9AD2AA4,2.5,2,3.2834280804,3.00081738849,0.7834280804,1.00081738849,1.00081738849,True
F07EB7B6F40E,3.5,3,3.51196600397,3.06667523782,0.01196600397,0.06667523782,0.06667523782,False
F12FEB0FE5B6,3,2,3.16762126086,2.97466931835,0.16762126086,0.97466931835,0.97466931835,False
F1596AB60E72,4,3,3.30590569717,2.87595434313,0.69409430283,0.12404565687,0.69409430283,False
F160E7B1FD96,3,4,3.48384213033,3.56784516564,0.48384213033,0.43215483436,0.48384213033,False
F17F4DF6095D,2.5,2,3.51214605947,3.12651765933,1.01214605947,1.12651765933,1.12651765933,True
F1883C3A8C1E,2.5,2,3.14458402102,3.21973322406,0.64458402102,1.21973322406,1.21973322406,True
F1B1760AD63F,3,4,3.02237226468,2.71344793507,0.02237226468,1.28655206493,1.28655206493,True
F1B4412674FE,4,3,3.41504673235,3.15697257197,0.58495326765,0.15697257197,0.58495326765,False
F1DF4F89F70D,3,3.5,3.55546539801,3.38227562566,0.55546539801,0.11772437434,0.55546539801,False
F2A721819364,3.5,3.5,3.2733868716,3.09093946069,0.2266131284,0.40906053931,0.40906053931,False
F2C012ECBF9C,3,3,2.77262216956,2.60427367688,0.22737783044,0.39572632312,0.39572632312,False
F30AD5A2B74A,2.5,2,3.23249127029,2.87713314083,0.73249127029,0.87713314083,0.87713314083,False
F347A054A1AF,3.5,2.5,3.25103614773,3.05151957605,0.24896385227,0.55151957605,0.55151957605,False
F3996EB91406,2.5,2.5,2.72264698902,2.30332908836,0.22264698902,0.19667091164,0.22264698902,False
F39FFFB63840,3,2,2.81128660067,2.3968488023,0.18871339933,0.3968488023,0.3968488023,False
F3B7C2480747,2.5,2,3.12243183407,2.89795896969,0.62243183407,0.89795896969,0.89795896969,False
F3BFC265844A,2.5,2.5,2.7498359532,2.51702999456,0.2498359532,0.01702999456,0.2498359532,False
F44D5A636C2F,3,3,2.95938962017,2.73949148846,0.04061037983,0.26050851154,0.26050851154,False
F49521C3494B,3,3,3.06685428533,2.81586330592,0.06685428533,0.18413669408,0.18413669408,False
F4B3B2CAB030,3,2.5,3.22795625666,2.65146650507,0.22795625666,0.15146650507,0.22795625666,False
F4C52358CE03,2.5,2.5,3.02289135155,2.64867367048,0.52289135155,0.14867367048,0.52289135155,False
F4D07B2A60F9,3,3.5,2.75040178206,2.48846015562,0.24959821794,1.01153984438,1.01153984438,True
F53E50C57938,3.5,3.5,3.38553336554,3.0463098852,0.11446663446,0.4536901148,0.4536901148,False
F58106266977,3.5,3,3.22831297075,2.93115817288,0.27168702925,0.06884182712,0.27168702925,False
F5EFA67354E6,3,3.5,3.32339071131,3.17503943085,0.32339071131,0.32496056915,0.32496056915,False
F66B2BAB7E4C,3,3,3.38054936102,3.39658089762,0.38054936102,0.39658089762,0.39658089762,False
F6886170FAA3,3,3,2.9340477726,2.47649939391,0.0659522274,0.52350060609,0.52350060609,False
F6B1E10F02C8,3,3,2.79324533463,2.43475948112,0.20675466537,0.56524051888,0.56524051888,False
F6DEF203DCD1,3.5,3,2.91897297185,2.63674094906,0.58102702815,0.36325905094,0.58102702815,False
F72B0C4DB804,3.5,4,3.64225421832,3.43134922033,0.14225421832,0.56865077967,0.56865077967,False
F75D6E5CCE78,3,3.5,3.38770466366,3.22956688605,0.38770466366,0.27043311395,0.38770466366,False
F771A9924D56,3,2.5,3.00698885384,2.58848044386,0.00698885384,0.08848044386,0.08848044386,False
F78366DD5A31,3.5,4,3.71970478672,3.83194814987,0.21970478672,0.16805185013,0.21970478672,False
F79EB8CBE0FE,3,2,2.8930825685,2.67967183612,0.1069174315,0.67967183612,0.67967183612,False
F7CC31D47F06,3,3.5,3.34967725218,3.47787298911,0.34967725218,0.02212701089,0.34967725218,False
F7CF6202A7FA,4,3.5,3.19908455184,2.70459532088,0.80091544816,0.79540467912,0.80091544816,False
F7DF6ABE8573,4,4.5,4.01147510058,3.809166852,0.01147510058,0.690833148,0.690833148,False
F7FD0CB34BBC,3.5,3.5,3.54012318233,3.17683954555,0.04012318233,0.32316045445,0.32316045445,False
F83702EEB830,3,3,3.17172608637,2.8914893348,0.17172608637,0.1085106652,0.17172608637,False
F8F7785B285B,2.5,2,2.80177041094,2.57037954633,0.30177041094,0.57037954633,0.57037954633,False
F8FE459205F4,3,3,3.31474358732,2.99959264815,0.31474358732,0.00040735185,0.31474358732,False
F90A25704212,4,3.5,3.73301353186,3.69134289149,0.26698646814,0.19134289149,0.26698646814,False
F9111CF0A009,3,2.5,3.2046086098,2.8992584739,0.2046086098,0.3992584739,0.3992584739,False
F91EFD0443E6,4.5,3.5,3.62800574862,3.21511441758,0.87199425138,0.28488558242,0.87199425138,False
F95CE6B81C75,4,3.5,3.46475010493,3.45416424639,0.53524989507,0.04583575361,0.53524989507,False
F998E8BD71CF,4,3,3.1358121029,3.0071210684,0.8641878971,0.0071210684,0.8641878971,False
F9DDE725DB74,3,2.5,3.14578538911,2.82617857196,0.14578538911,0.32617857196,0.32617857196,False
F9FEE5DC1640,3,2.5,3.07245569786,2.85884424484,0.07245569786,0.35884424484,0.35884424484,False
FA0A22FE957A,2.5,2.5,3.26139208179,2.80381659104,0.76139208179,0.30381659104,0.76139208179,False
FA145FA7B678,3,2,2.51512532962,2.19795538998,0.48487467038,0.19795538998,0.48487467038,False
FA38957FCAF6,2.5,2,2.53768631773,2.54299237217,0.03768631773,0.54299237217,0.54299237217,False
FA43581AD6D1,3.5,4,3.16652347392,3.27073922095,0.33347652608,0.72926077905,0.72926077905,False
FA5BCD4CBF5A,3.5,2.5,2.74107555112,2.56929597104,0.75892444888,0.06929597104,0.75892444888,False
FA63EE28501A,3,2.5,3.31696193509,3.08455449895,0.31696193509,0.58455449895,0.58455449895,False
FA87416EF173,2.5,2,2.75108169515,2.3944350024,0.25108169515,0.3944350024,0.3944350024,False
FAAFFC983E47,2.5,2,3.40482801145,2.97627801772,0.90482801145,0.97627801772,0.97627801772,False
FAF2897C9B65,4,3.5,3.11294063809,2.86377163494,0.88705936191,0.63622836506,0.88705936191,False
FB4D3D883D49,2.5,2,3.36287877857,3.01358619663,0.86287877857,1.01358619663,1.01358619663,True
FB68439D9CBA,3,2,3.11495868665,2.71424485811,0.11495868665,0.71424485811,0.71424485811,False
FB70FE5B31A8,3.5,3.5,3.5812553414,3.46364674306,0.0812553414,0.03635325694,0.0812553414,False
FC2D44D20533,3,2,3.02738561476,2.48095689358,0.02738561476,0.48095689358,0.48095689358,False
FC343CFBE807,4,3,3.50073389785,3.3105528609,0.49926610215,0.3105528609,0.49926610215,False
FC69DC957116,3,2.5,2.96969282358,2.53605858366,0.03030717642,0.03605858366,0.03605858366,False
FC831CB27E25,3,2.5,2.96447787308,2.52312681331,0.03552212692,0.02312681331,0.03552212692,False
FC86782120D3,2,2.5,3.05482748721,3.05264395621,1.05482748721,0.55264395621,1.05482748721,True
FCD0FB7FE622,2,3,2.56480211725,2.85837100592,0.56480211725,0.14162899408,0.56480211725,False
FD22ECF287BD,4,4,3.46128305938,3.35136025335,0.53871694062,0.64863974665,0.64863974665,False
FD48D4BB6F06,4,4,3.77466455082,3.57491391186,0.22533544918,0.42508608814,0.42508608814,False
FDE0B653AD74,3.5,4,3.73657967729,3.55670173814,0.23657967729,0.44329826186,0.44329826186,False
FE1D0E5EA2EB,3.5,3.5,3.15135476176,3.17829335058,0.34864523824,0.32170664942,0.34864523824,False
FE31D12E44FE,2.5,3,2.66492233799,2.4908879482,0.16492233799,0.5091120518,0.5091120518,False
FE60E597467E,4,4.5,3.61633357989,3.50378123186,0.38366642011,0.99621876814,0.99621876814,False
FE6D9B200002,2.5,2.5,2.78379522024,2.64186628375,0.28379522024,0.14186628375,0.28379522024,False
FED42BB10805,3,2.5,2.48579557876,2.20836594081,0.51420442124,0.29163405919,0.51420442124,False
FF190BD8380B,3.5,3,3.20411713393,2.62540322839,0.29588286607,0.37459677161,0.37459677161,False
FF6F91DC4170,4,3,3.3053207621,2.95841361591,0.6946792379,0.04158638409,0.6946792379,False
FF7FE6BD8509,3.5,3.5,3.37204769553,2.9403347337,0.12795230447,0.5596652663,0.5596652663,False
FFA6690BC309,4,3.5,3.48405011638,3.34272673712,0.51594988362,0.15727326288,0.51594988362,False
FFAEAF8D0C90,2.5,2,2.59382809946,2.38062030518,0.09382809946,0.38062030518,0.38062030518,False
