analysis_role,is_primary,error_threshold,review_budget,validation_rows,random_seed,random_repetitions,strategy,selected_count,large_error_count,large_error_prevalence,captured_count,capture_rate,capture_rate_reference_low,capture_rate_reference_high,precision,precision_reference_low,precision_reference_high,lift,lift_reference_low,lift_reference_high
sensitivity,False,0.5,0.1,762,42,1000,Random,77,402,0.527559055118,40.715,0.101281094527,0.0820273631841,0.119402985075,0.528766233766,0.428246753247,0.623376623377,1.00228823415,0.811751308393,1.1816243458
sensitivity,False,0.5,0.1,762,,,Shortest-first,77,402,0.527559055118,39,0.0970149253731,,,0.506493506494,,,0.960069780965,,
sensitivity,False,0.5,0.1,762,,,Ridge extremity,77,402,0.527559055118,28,0.0696517412935,,,0.363636363636,,,0.689280868385,,
sensitivity,False,0.5,0.1,762,,,Ridge-RF disagreement,77,402,0.527559055118,39,0.0970149253731,,,0.506493506494,,,0.960069780965,,
sensitivity,False,0.5,0.2,762,42,1000,Random,153,402,0.527559055118,80.64,0.200597014925,0.174129353234,0.226368159204,0.527058823529,0.457516339869,0.59477124183,0.999051799824,0.867232465125,1.12740220466
sensitivity,False,0.5,0.2,762,,,Shortest-first,153,402,0.527559055118,83,0.206467661692,,,0.542483660131,,,1.02828992293,,
sensitivity,False,0.5,0.2,762,,,Ridge extremity,153,402,0.527559055118,62,0.154228855721,,,0.40522875817,,,0.768120183397,,
sensitivity,False,0.5,0.2,762,,,Ridge-RF disagreement,153,402,0.527559055118,78,0.194029850746,,,0.509803921569,,,0.966344746854,,
sensitivity,False,0.5,0.3,762,42,1000,Random,229,402,0.527559055118,120.842,0.30060199005,0.271144278607,0.330845771144,0.527694323144,0.475982532751,0.580786026201,1.00025640357,0.902235547155,1.10089291534
sensitivity,False,0.5,0.3,762,,,Shortest-first,229,402,0.527559055118,121,0.300995024876,,,0.528384279476,,,1.00156423125,,
sensitivity,False,0.5,0.3,762,,,Ridge extremity,229,402,0.527559055118,108,0.268656716418,,,0.471615720524,,,0.893958156814,,
sensitivity,False,0.5,0.3,762,,,Ridge-RF disagreement,229,402,0.527559055118,120,0.298507462687,,,0.524017467249,,,0.993286840905,,
sensitivity,False,1,0.1,762,42,1000,Random,77,69,0.0905511811024,7.074,0.10252173913,0.0434782608696,0.173913043478,0.0918701298701,0.038961038961,0.155844155844,1.01456578204,0.430265386787,1.72106154715
sensitivity,False,1,0.1,762,,,Shortest-first,77,69,0.0905511811024,6,0.0869565217391,,,0.0779220779221,,,0.860530773574,,
sensitivity,False,1,0.1,762,,,Ridge extremity,77,69,0.0905511811024,5,0.0724637681159,,,0.0649350649351,,,0.717108977979,,
sensitivity,False,1,0.1,762,,,Ridge-RF disagreement,77,69,0.0905511811024,10,0.144927536232,,,0.12987012987,,,1.43421795596,,
primary,True,1,0.2,762,42,1000,Random,153,69,0.0905511811024,13.946,0.202115942029,0.115942028986,0.289855072464,0.0911503267974,0.0522875816993,0.130718954248,1.00661665246,0.57743677181,1.44359192953
primary,True,1,0.2,762,,,Shortest-first,153,69,0.0905511811024,15,0.217391304348,,,0.0980392156863,,,1.08269394714,,
primary,True,1,0.2,762,,,Ridge extremity,153,69,0.0905511811024,10,0.144927536232,,,0.0653594771242,,,0.721795964763,,
primary,True,1,0.2,762,,,Ridge-RF disagreement,153,69,0.0905511811024,15,0.217391304348,,,0.0980392156863,,,1.08269394714,,
sensitivity,False,1,0.3,762,42,1000,Random,229,69,0.0905511811024,20.783,0.301202898551,0.202898550725,0.405797101449,0.0907554585153,0.061135371179,0.122270742358,1.00225593317,0.675147142586,1.35029428517
sensitivity,False,1,0.3,762,,,Shortest-first,229,69,0.0905511811024,21,0.304347826087,,,0.0917030567686,,,1.01272071388,,
sensitivity,False,1,0.3,762,,,Ridge extremity,229,69,0.0905511811024,24,0.347826086957,,,0.10480349345,,,1.15739510158,,
sensitivity,False,1,0.3,762,,,Ridge-RF disagreement,229,69,0.0905511811024,24,0.347826086957,,,0.10480349345,,,1.15739510158,,
sensitivity,False,1.5,0.1,762,42,1000,Random,77,2,0.00262467191601,0.194,0.097,0,0.5,0.00251948051948,0,0.012987012987,0.959922077922,0,4.94805194805
sensitivity,False,1.5,0.1,762,,,Shortest-first,77,2,0.00262467191601,0,0,,,0,,,0,,
sensitivity,False,1.5,0.1,762,,,Ridge extremity,77,2,0.00262467191601,1,0.5,,,0.012987012987,,,4.94805194805,,
sensitivity,False,1.5,0.1,762,,,Ridge-RF disagreement,77,2,0.00262467191601,1,0.5,,,0.012987012987,,,4.94805194805,,
sensitivity,False,1.5,0.2,762,42,1000,Random,153,2,0.00262467191601,0.405,0.2025,0,1,0.00264705882353,0,0.0130718954248,1.00852941176,0,4.98039215686
sensitivity,False,1.5,0.2,762,,,Shortest-first,153,2,0.00262467191601,1,0.5,,,0.00653594771242,,,2.49019607843,,
sensitivity,False,1.5,0.2,762,,,Ridge extremity,153,2,0.00262467191601,1,0.5,,,0.00653594771242,,,2.49019607843,,
sensitivity,False,1.5,0.2,762,,,Ridge-RF disagreement,153,2,0.00262467191601,1,0.5,,,0.00653594771242,,,2.49019607843,,
sensitivity,False,1.5,0.3,762,42,1000,Random,229,2,0.00262467191601,0.599,0.2995,0,1,0.00261572052402,0,0.00873362445415,0.996589519651,0,3.32751091703
sensitivity,False,1.5,0.3,762,,,Shortest-first,229,2,0.00262467191601,1,0.5,,,0.00436681222707,,,1.66375545852,,
sensitivity,False,1.5,0.3,762,,,Ridge extremity,229,2,0.00262467191601,1,0.5,,,0.00436681222707,,,1.66375545852,,
sensitivity,False,1.5,0.3,762,,,Ridge-RF disagreement,229,2,0.00262467191601,1,0.5,,,0.00436681222707,,,1.66375545852,,
