model,target,n_samples,baseline,baseline_mae,full_feature_mae,mae_difference_baseline_minus_full,mae_improvement_pct
Ridge,Vocabulary,762,train_mean,0.46559442,0.37481352285,0.0907808971502,19.49784904
Ridge,Vocabulary,762,length_only_ridge,0.43610653,0.37481352285,0.0612930071502,14.0545951353
Ridge,Vocabulary,762,length_only_random_forest,0.45804477,0.37481352285,0.0832312471502,18.1709851529
Ridge,Vocabulary,762,length_only_consensus,0.43770824,0.37481352285,0.0628947171502,14.3690959874
Random Forest,Vocabulary,762,train_mean,0.46559442,0.37297710838,0.0926173116203,19.8922726824
Random Forest,Vocabulary,762,length_only_ridge,0.43610653,0.37297710838,0.0631294216203,14.475688227
Random Forest,Vocabulary,762,length_only_random_forest,0.45804477,0.37297710838,0.0850676616203,18.5719098202
Random Forest,Vocabulary,762,length_only_consensus,0.43770824,0.37297710838,0.0647311316203,14.788648169
Ridge,Grammar,762,train_mean,0.54945958,0.456297593656,0.0931619863435,16.9552028456
Ridge,Grammar,762,length_only_ridge,0.54282828,0.456297593656,0.0865306863435,15.9407108162
Ridge,Grammar,762,length_only_random_forest,0.56617678,0.456297593656,0.109879186344,19.4072223067
Ridge,Grammar,762,length_only_consensus,0.5431794,0.456297593656,0.0868818063435,15.9950481081
Random Forest,Grammar,762,train_mean,0.54945958,0.44771032054,0.10174925946,18.5180608664
Random Forest,Grammar,762,length_only_ridge,0.54282828,0.44771032054,0.0951179594605,17.5226610265
Random Forest,Grammar,762,length_only_random_forest,0.56617678,0.44771032054,0.11846645946,20.9239346517
Random Forest,Grammar,762,length_only_consensus,0.5431794,0.44771032054,0.0954690794605,17.5759757201
