essay_id,model,target,actual,prediction,residual,absolute_error
48EA282A4EAF,Random Forest,Grammar,1,3.1736933038,2.1736933038,2.1736933038
48EA282A4EAF,Random Forest,Vocabulary,1,3.1001994178,2.1001994178,2.1001994178
0AFC8CE27321,Random Forest,Grammar,5,3.26048448117,-1.73951551883,1.73951551883
0AFC8CE27321,Ridge,Grammar,5,3.38068851411,-1.61931148589,1.61931148589
48EA282A4EAF,Ridge,Vocabulary,1,2.54406663456,1.54406663456,1.54406663456
48EA282A4EAF,Ridge,Grammar,1,2.53651779723,1.53651779723,1.53651779723
BC8115EEB029,Ridge,Vocabulary,2,3.53271983171,1.53271983171,1.53271983171
52DC3B7C3952,Random Forest,Grammar,5,3.53029747544,-1.46970252456,1.46970252456
D1D770AF6855,Random Forest,Vocabulary,5,3.5343874469,-1.4656125531,1.4656125531
53CF6D801CAF,Ridge,Vocabulary,5,3.54578202982,-1.45421797018,1.45421797018
59ADAA4D04E5,Random Forest,Vocabulary,1.5,2.94755593236,1.44755593236,1.44755593236
D344D0003B84,Random Forest,Grammar,2,3.44316896381,1.44316896381,1.44316896381
53CF6D801CAF,Random Forest,Vocabulary,5,3.55971125075,-1.44028874925,1.44028874925
51DA4BA94C7C,Random Forest,Grammar,4,2.56698319644,-1.43301680356,1.43301680356
59ADAA4D04E5,Random Forest,Grammar,1.5,2.92451614859,1.42451614859,1.42451614859
E2C3F26AB94D,Ridge,Vocabulary,4.5,3.07740867887,-1.42259132113,1.42259132113
52DC3B7C3952,Ridge,Grammar,5,3.58824513089,-1.41175486911,1.41175486911
D1D770AF6855,Ridge,Vocabulary,5,3.59028900774,-1.40971099226,1.40971099226
0514D25768A0,Ridge,Vocabulary,2,3.40380866403,1.40380866403,1.40380866403
DE841BF24A2F,Ridge,Grammar,2,3.40012576307,1.40012576307,1.40012576307
D344D0003B84,Ridge,Grammar,2,3.39827882345,1.39827882345,1.39827882345
277A95AC0190,Random Forest,Grammar,4,2.60996335329,-1.39003664671,1.39003664671
51DA4BA94C7C,Ridge,Grammar,4,2.6148320555,-1.3851679445,1.3851679445
97A0FFE91A3E,Ridge,Grammar,2,3.38050408006,1.38050408006,1.38050408006
B50C9D328FAD,Random Forest,Grammar,4.5,3.12312609501,-1.37687390499,1.37687390499
16DEF72E220A,Ridge,Vocabulary,2,3.37117869566,1.37117869566,1.37117869566
DE841BF24A2F,Random Forest,Grammar,2,3.36682944581,1.36682944581,1.36682944581
D669349412FB,Random Forest,Vocabulary,2,3.34141880102,1.34141880102,1.34141880102
9F401E75755A,Random Forest,Grammar,4,2.65905980037,-1.34094019963,1.34094019963
97A0FFE91A3E,Random Forest,Grammar,2,3.33619225835,1.33619225835,1.33619225835
277A95AC0190,Ridge,Grammar,4,2.66811861271,-1.33188138729,1.33188138729
EC2758A5B74E,Ridge,Grammar,5,3.66887216789,-1.33112783211,1.33112783211
0E03218FDD2F,Ridge,Grammar,5,3.67366899023,-1.32633100977,1.32633100977
A094036DE672,Random Forest,Grammar,4,2.69549802782,-1.30450197218,1.30450197218
0F8436260047,Random Forest,Grammar,4.5,3.19632466187,-1.30367533813,1.30367533813
EDA3FF6D2DCA,Ridge,Vocabulary,2,3.29982625262,1.29982625262,1.29982625262
16DEF72E220A,Random Forest,Vocabulary,2,3.29616787711,1.29616787711,1.29616787711
B83DD09D3129,Ridge,Vocabulary,2,3.28953116328,1.28953116328,1.28953116328
F1B1760AD63F,Random Forest,Grammar,4,2.71344793507,-1.28655206493,1.28655206493
BC8115EEB029,Random Forest,Vocabulary,2,3.28334505009,1.28334505009,1.28334505009
