target,model,human_score,n_samples,mean_machine_score,standard_deviation_machine_score,mean_difference_machine_minus_human,mae,within_0_5_points_rate,within_1_0_point_rate
Vocabulary,Ridge,1,1,2.54406663456,,1.54406663456,1.54406663456,0,0
Vocabulary,Ridge,1.5,2,2.03719085271,0.485012943737,0.53719085271,0.53719085271,0.5,1
Vocabulary,Ridge,2,26,2.92134284754,0.353725401292,0.921342847537,0.921342847537,0.153846153846,0.538461538462
Vocabulary,Ridge,2.5,99,2.96663508653,0.338700316892,0.466635086525,0.48854744006,0.484848484848,0.959595959596
Vocabulary,Ridge,3,311,3.14887641965,0.300582503532,0.148876419649,0.27061259741,0.87459807074,1
Vocabulary,Ridge,3.5,185,3.33258403866,0.225140999437,-0.167415961337,0.224231527961,0.940540540541,1
Vocabulary,Ridge,4,113,3.46867844823,0.224406471309,-0.531321551767,0.532604301766,0.442477876106,0.964601769912
Vocabulary,Ridge,4.5,18,3.60321567109,0.225381968732,-0.896784328907,0.896784328907,0,0.666666666667
Vocabulary,Ridge,5,7,3.75734414536,0.182378573509,-1.24265585464,1.24265585464,0,0.142857142857
Vocabulary,Random Forest,1,1,3.1001994178,,2.1001994178,2.1001994178,0,0
Vocabulary,Random Forest,1.5,2,2.74984988163,0.279598578299,1.24984988163,1.24984988163,0,0
Vocabulary,Random Forest,2,26,2.93065929902,0.264382034545,0.930659299021,0.930659299021,0.0384615384615,0.538461538462
Vocabulary,Random Forest,2.5,99,2.98748257342,0.27299496077,0.487482573425,0.487482573425,0.525252525253,0.959595959596
Vocabulary,Random Forest,3,311,3.14527470128,0.263882714708,0.145274701276,0.2364432999,0.890675241158,1
Vocabulary,Random Forest,3.5,185,3.30347117648,0.246272566773,-0.196528823521,0.256064998498,0.886486486486,1
Vocabulary,Random Forest,4,113,3.45895218531,0.257620125503,-0.541047814694,0.546504588331,0.451327433628,0.982300884956
Vocabulary,Random Forest,4.5,18,3.61297535104,0.258481170488,-0.887024648962,0.887024648962,0.111111111111,0.611111111111
Vocabulary,Random Forest,5,7,3.78237318473,0.194893859953,-1.21762681527,1.21762681527,0,0.142857142857
Grammar,Ridge,1,2,1.65569710853,1.24566856398,0.655697108528,0.880820688703,0.5,0.5
Grammar,Ridge,1.5,3,2.50572492961,0.164841748732,1.00572492961,1.00572492961,0,0.666666666667
Grammar,Ridge,2,108,2.70047591645,0.388660933146,0.70047591645,0.72448241744,0.25,0.75
Grammar,Ridge,2.5,163,2.82278094338,0.415178628783,0.322780943382,0.447302217971,0.564417177914,0.981595092025
Grammar,Ridge,3,192,2.99916805431,0.325713704165,-0.00083194568651,0.26455999456,0.890625,1
Grammar,Ridge,3.5,192,3.19686710148,0.242890566874,-0.303132898525,0.318242358028,0.817708333333,1
Grammar,Ridge,4,75,3.31222015053,0.238072346062,-0.68777984947,0.68777984947,0.173333333333,0.906666666667
Grammar,Ridge,4.5,23,3.51758600073,0.149457697229,-0.982413999268,0.982413999268,0,0.565217391304
Grammar,Ridge,5,4,3.57786870078,0.137170238271,-1.42213129922,1.42213129922,0,0
Grammar,Random Forest,1,2,2.67339004102,0.707535659523,1.67339004102,1.67339004102,0,0
Grammar,Random Forest,1.5,3,2.66098097629,0.245316716553,1.16098097629,1.16098097629,0,0.333333333333
Grammar,Random Forest,2,108,2.70145965675,0.285986489811,0.701459656749,0.701459656749,0.277777777778,0.851851851852
Grammar,Random Forest,2.5,163,2.80107959437,0.323866363411,0.301079594367,0.348728826934,0.723926380368,0.975460122699
Grammar,Random Forest,3,192,2.97316361944,0.346522937791,-0.0268363805621,0.288245098878,0.854166666667,1
Grammar,Random Forest,3.5,192,3.18465401666,0.305756270626,-0.31534598334,0.354094207161,0.723958333333,0.989583333333
Grammar,Random Forest,4,75,3.30848744088,0.296740662234,-0.691512559124,0.691512559124,0.266666666667,0.866666666667
Grammar,Random Forest,4.5,23,3.58663067633,0.213168641389,-0.913369323665,0.913369323665,0.0434782608696,0.695652173913
Grammar,Random Forest,5,4,3.61874590428,0.288150904031,-1.38125409572,1.38125409572,0,0
