file_role,column,dtype,non_null,missing,unique_non_null
official_train,text_id_kaggle,object,3911,0,3911
official_train,full_text,object,3911,0,3911
official_train,gender,object,3911,0,2
official_train,grade,int64,3911,0,5
official_train,race_ethnicity,object,3911,0,6
official_train,num_words,int64,3911,0,850
official_train,num_words2,int64,3911,0,824
official_train,num_words3,int64,3911,0,816
official_train,num_sent,int64,3911,0,66
official_train,num_para,int64,3911,0,32
official_train,num_word_div_para,float64,3911,0,1895
official_train,MTLD,float64,3911,0,3890
official_train,TTR,float64,3911,0,3479
official_train,Type,int64,3911,0,280
official_train,Token,int64,3911,0,824
official_train,task,object,3911,0,1
official_train,SES,object,3911,0,2
official_train,prompt,object,3911,0,44
official_train,Overall,float64,3911,0,9
official_train,Cohesion,float64,3911,0,9
official_train,Syntax,float64,3911,0,9
official_train,Vocabulary,float64,3911,0,9
official_train,Phraseology,float64,3911,0,9
official_train,Grammar,float64,3911,0,9
official_train,Conventions,float64,3911,0,9
official_train,set,object,3911,0,1
official_test,text_id_kaggle,object,2571,0,2571
official_test,full_text,object,2571,0,2571
official_test,gender,object,2571,0,2
official_test,grade,int64,2571,0,5
official_test,race_ethnicity,object,2571,0,6
official_test,num_words,int64,2571,0,738
official_test,num_words2,int64,2571,0,724
official_test,num_words3,int64,2571,0,729
official_test,num_sent,int64,2571,0,61
official_test,num_para,int64,2571,0,31
official_test,num_word_div_para,float64,2571,0,1511
official_test,MTLD,float64,2571,0,2561
official_test,TTR,float64,2571,0,2372
official_test,Type,int64,2571,0,258
official_test,Token,int64,2571,0,724
official_test,task,object,2571,0,1
official_test,SES,object,2570,1,2
official_test,prompt,object,2571,0,44
official_test,Overall,float64,2571,0,9
official_test,Cohesion,float64,2571,0,9
official_test,Syntax,float64,2571,0,9
official_test,Vocabulary,float64,2571,0,8
official_test,Phraseology,float64,2571,0,9
official_test,Grammar,float64,2571,0,9
official_test,Conventions,float64,2571,0,9
official_test,set,object,2571,0,1
raw_rater,Filename,object,8890,0,8880
raw_rater,text_id_kaggle,object,6482,2408,6482
raw_rater,Text,object,8890,0,8890
raw_rater,Rater_1,object,8890,0,23
raw_rater,Overall_1,int64,8890,0,6
raw_rater,Cohesion_1,int64,8890,0,6
raw_rater,Syntax_1,int64,8890,0,6
raw_rater,Vocabulary_1,int64,8890,0,6
raw_rater,Phraseology_1,int64,8890,0,6
raw_rater,Grammar_1,int64,8890,0,6
raw_rater,Conventions_1,int64,8890,0,6
raw_rater,Identifying_Info_1,int64,8890,0,2
raw_rater,Rater_2,object,8890,0,24
raw_rater,Overall_2,int64,8890,0,6
raw_rater,Cohesion_2,int64,8890,0,6
raw_rater,Syntax_2,int64,8890,0,6
raw_rater,Vocabulary_2,int64,8890,0,6
raw_rater,Phraseology_2,int64,8890,0,6
raw_rater,Grammar_2,int64,8890,0,6
raw_rater,Conventions_2,int64,8890,0,6
raw_rater,Identifying_Info_2,int64,8890,0,2
