source_split,target,score,count,percent
official_train,Vocabulary,1.0,2,0.0511
official_train,Vocabulary,1.5,14,0.358
official_train,Vocabulary,2.0,124,3.1705
official_train,Vocabulary,2.5,528,13.5004
official_train,Vocabulary,3.0,1503,38.4301
official_train,Vocabulary,3.5,1007,25.7479
official_train,Vocabulary,4.0,577,14.7533
official_train,Vocabulary,4.5,115,2.9404
official_train,Vocabulary,5.0,41,1.0483
official_train,Grammar,1.0,8,0.2046
official_train,Grammar,1.5,20,0.5114
official_train,Grammar,2.0,544,13.9095
official_train,Grammar,2.5,855,21.8614
official_train,Grammar,3.0,994,25.4155
official_train,Grammar,3.5,880,22.5006
official_train,Grammar,4.0,447,11.4293
official_train,Grammar,4.5,134,3.4262
official_train,Grammar,5.0,29,0.7415
official_test,Vocabulary,1.5,4,0.1556
official_test,Vocabulary,2.0,100,3.8895
official_test,Vocabulary,2.5,352,13.6912
official_test,Vocabulary,3.0,978,38.0397
official_test,Vocabulary,3.5,668,25.9821
official_test,Vocabulary,4.0,376,14.6247
official_test,Vocabulary,4.5,78,3.0338
official_test,Vocabulary,5.0,15,0.5834
official_test,Grammar,1.0,1,0.0389
official_test,Grammar,1.5,16,0.6223
official_test,Grammar,2.0,332,12.9133
official_test,Grammar,2.5,562,21.8592
official_test,Grammar,3.0,729,28.3547
official_test,Grammar,3.5,574,22.3259
official_test,Grammar,4.0,258,10.035
official_test,Grammar,4.5,83,3.2283
official_test,Grammar,5.0,16,0.6223
