source_split,text_id_kaggle,computed_word_count
official_train,F69C85F4C3CA,14
official_test,6A86B01B87F0,27
official_test,1C561924CC16,39
official_test,CE96C25A9A26,39
official_test,83EB2FEA9730,46
official_train,7835355C55D8,48
official_train,0DB44DDF91E6,50
official_train,5FFB959ED7BA,51
official_train,684166ED2438,54
official_train,9A24CB0724FE,55
official_train,457A4416559B,56
official_test,C662A2000C44,57
official_train,CEC71375C061,61
official_train,37D67E614E05,68
official_train,AEE8A576989C,70
official_train,1D2C46F51793,74
official_test,1B2B4A98C5E6,75
official_train,DBAB680CBC5D,75
official_test,C87CC2A986AA,76
official_train,BA14C47026ED,76
official_test,800ED2F704E9,77
official_train,72766FE38307,78
official_test,9A4200CCD3BC,80
official_train,27B8304D6E89,82
official_test,6D1B01E628D0,83
official_train,F8BA702A8450,84
official_test,9F979C691167,90
official_train,BCDED505B597,90
official_test,878C3B7DB54A,91
official_train,13E1CB9819CB,92
official_train,CBDE3C526D05,93
official_train,E1B279EE81AE,93
official_train,B046D31B68F0,94
official_train,ECE377D2E967,94
official_test,DAB02ED744A4,96
official_test,23A32E1A5042,98
official_test,B887396F246A,98
