attribute,group,n,vocabulary_mae,grammar_mae,large_error_count,large_error_prevalence,disagreement_selected_count,disagreement_selection_rate,within_group_capture_rate,shortest_selected_count,shortest_first_selection_rate,random_expected_selection_rate,small_n_flag
gender,Female,1101,0.375845912338,0.446728441515,111,0.100817438692,239,0.217075386013,0.225225225225,184,0.167120799273,0.200158856235,False
gender,Male,1417,0.355146569183,0.423376419786,97,0.0684544812985,265,0.187014820042,0.226804123711,320,0.225829216655,0.200158856235,False
race_ethnicity,American Indian/Alaskan Native,4,0.281768779717,0.410734005006,0,0,1,0.25,,1,0.25,0.200158856235,True
race_ethnicity,Asian/Pacific Islander,301,0.365084842266,0.404707901399,21,0.0697674418605,59,0.196013289037,0.190476190476,42,0.139534883721,0.200158856235,False
race_ethnicity,Black/African American,189,0.348330983208,0.44108961988,17,0.0899470899471,34,0.179894179894,0.176470588235,27,0.142857142857,0.200158856235,False
race_ethnicity,Hispanic/Latino,1832,0.367109346956,0.441348414314,158,0.0862445414847,369,0.201419213974,0.227848101266,402,0.21943231441,0.200158856235,False
race_ethnicity,Two or more races/Other,10,0.325904148353,0.354037681577,1,0.1,0,0,0,1,0.1,0.200158856235,True
race_ethnicity,White,182,0.353810463964,0.40030646488,11,0.0604395604396,41,0.225274725275,0.363636363636,31,0.17032967033,0.200158856235,False
SES,Economically disadvantaged,1764,0.359880419982,0.430447412904,139,0.078798185941,355,0.201247165533,0.215827338129,360,0.204081632653,0.200158856235,False
SES,Not economically disadvantaged,753,0.374747128983,0.441018424749,69,0.0916334661355,149,0.197875166003,0.246376811594,144,0.191235059761,0.200158856235,False
SES,Missing,1,0.0353890442298,0.376290745603,0,0,0,0,,0,0,0.200158856235,True
