essay_id,selection_reason,source_partition,split,cv_fold,word_count,sentence_count,mean_sentence_length,mtld,mattr,mean_word_frequency,mean_word_length,lexical_density,noun_diversity,detected_grammar_errors_per_100_words,detected_error_free_sentence_ratio,complex_sentence_ratio,estimated_clauses_per_sentence,subordinate_clause_ratio,automatic_range_check,manual_review_status,review_note
F69C85F4C3CA,short_text,official_train,model_train,4.0,13.0,1.0,13.0,47.32000000000004,0.9230769230769232,5.9023076923076925,4.461538461538462,0.5384615384615384,0.75,7.6923076923076925,0.0,0.0,1.0,0.0,pass,reviewed_no_blocking_defect,Short-text fallback and denominators checked; values are finite.
6A86B01B87F0,short_text,official_test,official_test,,27.0,2.0,13.5,204.1199999999997,0.9629629629629628,5.845925925925926,4.666666666666667,0.5185185185185185,0.875,0.0,1.0,0.5,2.0,0.5,pass,reviewed_no_blocking_defect,Short-text fallback and denominators checked; values are finite.
1C561924CC16,short_text,official_test,official_test,,39.0,3.0,13.0,39.0,0.6923076923076923,6.164871794871795,4.205128205128205,0.5641025641025641,0.6428571428571429,0.0,1.0,0.6666666666666666,2.333333333333333,0.4285714285714285,pass,reviewed_no_blocking_defect,Short-text fallback and denominators checked; values are finite.
CE96C25A9A26,short_text,official_test,official_test,,40.0,2.0,20.0,26.73496191226688,0.65,6.332,3.35,0.275,1.0,5.0,0.0,0.5,3.0,0.8333333333333334,pass,reviewed_no_blocking_defect,Short-text fallback and denominators checked; values are finite.
83EB2FEA9730,short_text,official_test,official_test,,46.0,2.0,23.0,23.0,0.6086956521739131,6.125,4.5,0.4347826086956521,0.5,0.0,1.0,1.0,5.0,0.7,pass,reviewed_no_blocking_defect,Short-text fallback and denominators checked; values are finite.
413E0A5AE69C,long_text,official_test,official_test,,1290.0,33.0,39.09090909090909,46.73037286865281,0.7106526994359387,6.197775193798449,3.6496124031007753,0.427906976744186,0.3391812865497076,0.2325581395348837,0.9090909090909092,0.9696969696969696,7.878787878787879,0.7153846153846154,pass,reviewed_no_blocking_defect,Long-text stress case checked; values are finite and ratios bounded.
2A426B89E8C5,long_text,official_test,official_test,,1273.0,107.0,11.897196261682245,49.38037776085301,0.7410294117647058,5.99605655930872,3.6025137470542026,0.4540455616653574,0.5252525252525253,1.7282010997643362,0.8317757009345794,0.6822429906542056,2.457943925233645,0.4980988593155893,pass,reviewed_no_blocking_defect,Long-text stress case checked; values are finite and ratios bounded.
516B1122D33D,long_text,official_test,official_test,,1249.0,67.0,18.64179104477612,68.5361646995151,0.7653833333333334,5.878326661329063,3.683746997598079,0.4851881505204163,0.5822222222222222,0.6405124099279423,0.8955223880597015,0.6716417910447762,3.880597014925373,0.65,pass,reviewed_no_blocking_defect,Long-text stress case checked; values are finite and ratios bounded.
AB86BAABBF68,long_text,official_train,model_train,3.0,1229.0,13.0,94.53846153846152,44.04790577117167,0.7256440677966102,6.206395443449959,3.848657445077299,0.4060211554109031,0.3295454545454545,0.3254678600488201,0.7692307692307693,1.0,17.846153846153847,0.7413793103448276,pass,reviewed_no_blocking_defect,Long-text stress case checked; values are finite and ratios bounded.
EBCC0B6D36D0,long_text,official_train,model_train,0.0,1229.0,23.0,53.43478260869565,36.591198232834046,0.6877118644067797,6.149471114727421,3.792514239218877,0.48413344182262,0.337037037037037,1.4646053702196908,0.4347826086956521,0.9565217391304348,9.869565217391305,0.6828193832599119,pass,reviewed_no_blocking_defect,Long-text stress case checked; values are finite and ratios bounded.
CA3EB3AA11FC,high_detected_grammar_rate,official_train,validation,,431.0,30.0,14.366666666666667,23.671355433901056,0.6175916230366493,6.103897911832947,3.7865429234338746,0.3665893271461717,0.6923076923076923,8.352668213457077,0.4333333333333333,0.5666666666666667,2.3,0.5072463768115942,pass,reviewed_no_blocking_defect,"High detector rate checked; retained as a tool signal, not a human error label."
C1ADFAF4B99A,high_detected_grammar_rate,official_test,official_test,,205.0,12.0,17.083333333333332,34.60368217054263,0.6584615384615384,6.059951219512195,4.190243902439025,0.5317073170731708,0.3538461538461538,7.804878048780488,0.4166666666666667,0.5833333333333334,2.583333333333333,0.3870967741935484,pass,reviewed_no_blocking_defect,"High detector rate checked; retained as a tool signal, not a human error label."
50E98F3FCC76,high_detected_grammar_rate,official_test,official_test,,276.0,10.0,27.6,34.375087125736094,0.6634361233480176,6.266304347826087,3.894927536231884,0.4311594202898551,0.6595744680851063,7.608695652173913,0.1,1.0,5.2,0.7307692307692307,pass,reviewed_no_blocking_defect,"High detector rate checked; retained as a tool signal, not a human error label."
171E655CC8F1,high_detected_grammar_rate,official_train,model_train,2.0,314.0,6.0,52.333333333333336,30.94624277456647,0.6434716981132076,6.088343949044586,3.8152866242038215,0.4426751592356688,0.421875,7.006369426751593,0.1666666666666666,1.0,10.333333333333334,0.6774193548387096,pass,reviewed_no_blocking_defect,"High detector rate checked; retained as a tool signal, not a human error label."
D7A3A9197EDD,high_estimated_clause_rate,official_test,official_test,,491.0,1.0,491.0,40.76077417944474,0.6885972850678733,5.7169450101833,4.240325865580448,0.4826883910386965,0.6328125,2.240325865580448,0.0,1.0,78.0,0.7435897435897436,pass,reviewed_no_blocking_defect,Parser count checked against sentence/run-on pattern; retained as an estimate.
38F68FC5317C,high_estimated_clause_rate,official_test,official_test,,508.0,1.0,508.0,48.24407362459547,0.7357298474945534,6.13003937007874,4.230314960629921,0.4803149606299212,0.4035087719298245,2.3622047244094486,0.0,1.0,70.0,0.6714285714285714,pass,reviewed_no_blocking_defect,Parser count checked against sentence/run-on pattern; retained as an estimate.
7A7660BBEE86,high_estimated_clause_rate,official_train,model_train,2.0,1156.0,3.0,385.3333333333333,41.4162300446842,0.6782655826558266,6.2849826989619375,4.0588235294117645,0.4645328719723183,0.2232558139534883,0.8650519031141869,0.0,1.0,68.0,0.6862745098039216,pass,reviewed_no_blocking_defect,Parser count checked against sentence/run-on pattern; retained as an estimate.
34716B652420,high_estimated_clause_rate,official_train,validation,,284.0,1.0,284.0,47.333333333333336,0.6949787234042553,5.938556338028169,3.8309859154929575,0.4084507042253521,0.5675675675675675,2.112676056338028,0.0,1.0,53.0,0.7358490566037735,pass,reviewed_no_blocking_defect,Parser count checked against sentence/run-on pattern; retained as an estimate.
584C6453CA5A,high_estimated_clause_rate,official_train,model_train,0.0,184.0,1.0,184.0,40.02588264088601,0.6588148148148149,6.156630434782608,3.896739130434783,0.4510869565217391,0.625,0.0,1.0,1.0,46.0,0.6739130434782609,pass,reviewed_no_blocking_defect,Parser count checked against sentence/run-on pattern; retained as an estimate.
C972C565A819,seeded_random,official_train,validation,,462.0,33.0,14.0,40.216513319055096,0.6907506053268765,6.244047619047619,3.79004329004329,0.4632034632034632,0.4473684210526316,0.6493506493506493,0.9090909090909092,0.7272727272727273,3.333333333333333,0.5363636363636364,pass,reviewed_no_blocking_defect,"No range, denominator, or alignment defect found."
C02F3803D0D1,seeded_random,official_train,model_train,4.0,293.0,15.0,19.53333333333333,55.64841377236506,0.7297540983606557,6.146245733788396,4.187713310580205,0.4129692832764505,0.5128205128205128,1.023890784982935,0.8666666666666667,0.9333333333333332,4.266666666666667,0.640625,pass,reviewed_no_blocking_defect,"No range, denominator, or alignment defect found."
232CDFBFCCC3,seeded_random,official_test,official_test,,423.0,24.0,17.625,56.14840604939615,0.7471122994652407,5.975200945626478,4.349881796690307,0.5342789598108747,0.4408602150537634,0.0,1.0,0.875,3.1666666666666665,0.5921052631578947,pass,reviewed_no_blocking_defect,"No range, denominator, or alignment defect found."
87FA671E75FE,seeded_random,official_test,official_test,,648.0,28.0,23.142857142857142,54.812709030100336,0.7464440734557596,5.940617283950617,4.395061728395062,0.529320987654321,0.2962962962962963,0.4629629629629629,0.8928571428571429,0.7857142857142857,3.892857142857143,0.6513761467889908,pass,reviewed_no_blocking_defect,"No range, denominator, or alignment defect found."
A9E9851F3E7E,seeded_random,official_train,model_train,1.0,334.0,23.0,14.521739130434783,40.80054616269889,0.7042105263157894,6.003832335329341,4.4431137724550895,0.5209580838323353,0.2884615384615384,0.2994011976047904,0.9565217391304348,0.6086956521739131,2.217391304347826,0.4509803921568627,pass,reviewed_no_blocking_defect,"No range, denominator, or alignment defect found."
2F63FA06A100,seeded_random,official_test,official_test,,435.0,20.0,21.75,52.257593457943926,0.7435751295336787,6.227839080459771,3.891954022988506,0.432183908045977,0.5584415584415584,0.2298850574712643,0.95,0.75,4.25,0.5764705882352941,pass,reviewed_no_blocking_defect,"No range, denominator, or alignment defect found."
